,strain,gene,hit_score,perc_of_ecoli_score,category,Category by Percentage of E. coli Hit Score,phylum,class,family 
1,Acidaminococcus-intestini-D21-MAF-2,cysK,109.9,21.31497285,<50%,<50%,Firmicutes,Negativicutes,Acidaminococcaceae
2,Acidaminococcus-intestini-D21-MAF-2,cysM,79.3,14.52380952,<50%,<50%,Firmicutes,Negativicutes,Acidaminococcaceae
3,Acidaminococcus-intestini-D21-MAF-2,lcd,49.9,67.89115646,NA,50-75%,Firmicutes,Negativicutes,Acidaminococcaceae
4,Acidaminococcus-intestini-D21-MAF-2,malY,546.3,102.8619846,>75%,>75%,Firmicutes,Negativicutes,Acidaminococcaceae
5,Acidaminococcus-intestini-D21-MAF-2,metC,493.2,87.55547666,>75%,>75%,Firmicutes,Negativicutes,Acidaminococcaceae
6,Akkermansia_muciniphila,cysK,540.5,104.8293251,>75%,>75%,Verrucomicrobia,Verrucomicrobiales,Akkermansiaceae
7,Akkermansia_muciniphila,cysM,367.3,67.27106227,50-75%,50-75%,Verrucomicrobia,Verrucomicrobiales,Akkermansiaceae
8,Akkermansia_muciniphila,lcd,72.3,98.36734694,NA,>75%,Verrucomicrobia,Verrucomicrobiales,Akkermansiaceae
9,Akkermansia_muciniphila,malY,598.4,112.6718132,>75%,>75%,Verrucomicrobia,Verrucomicrobiales,Akkermansiaceae
10,Akkermansia_muciniphila,metC,408.9,72.59009409,50-75%,50-75%,Verrucomicrobia,Verrucomicrobiales,Akkermansiaceae
11,Akkermansia_muciniphila,tnaA,599.2,64.18166238,50-75%,50-75%,Verrucomicrobia,Verrucomicrobiales,Akkermansiaceae
12,Alistipes-ihumii-AP11-MAF-2,cysK,536.6,104.0729247,>75%,>75%,Bacteroidetes,Bacteroidia,Rikenellaceae
13,Alistipes-ihumii-AP11-MAF-2,cysM,364.6,66.77655678,50-75%,50-75%,Bacteroidetes,BacteroidiaAlistepes,Rikenellaceae
14,Alistipes-ihumii-AP11-MAF-2,lcd,50.7,68.97959184,NA,50-75%,Bacteroidetes,BacteroidiaAlistepes,Rikenellaceae
15,Alistipes-ihumii-AP11-MAF-2,malY,589.4,110.9772171,>75%,>75%,Bacteroidetes,BacteroidiaAlistepes,Rikenellaceae
16,Alistipes-ihumii-AP11-MAF-2,metC,336,59.64849991,50-75%,50-75%,Bacteroidetes,BacteroidiaAlistepes,Rikenellaceae
17,Alistipes-indistinctus-YIT-12060-MAF-2,cysK,538.4,104.4220326,>75%,>75%,Bacteroidetes,BacteroidiaAlistepes,Rikenellaceae
18,Alistipes-indistinctus-YIT-12060-MAF-2,cysM,362.8,66.44688645,50-75%,50-75%,Bacteroidetes,BacteroidiaAlistepes,Rikenellaceae
19,Alistipes-indistinctus-YIT-12060-MAF-2,lcd,63.7,86.66666667,NA,>75%,Bacteroidetes,BacteroidiaAlistepes,Rikenellaceae
20,Alistipes-indistinctus-YIT-12060-MAF-2,malY,565.1,106.4018076,>75%,>75%,Bacteroidetes,BacteroidiaAlistepes,Rikenellaceae
21,Alistipes-indistinctus-YIT-12060-MAF-2,metC,364.5,64.70797089,50-75%,50-75%,Bacteroidetes,BacteroidiaAlistepes,Rikenellaceae
22,Alistipes-indistinctus-YIT-12060-MAF-2,tnaA,602.8,64.5672665,50-75%,50-75%,Bacteroidetes,BacteroidiaAlistepes,Rikenellaceae
23,Alistipes-onderdonkii-DSM-19147-MAF-2,cysK,393.6,76.3382467,>75%,>75%,Bacteroidetes,BacteroidiaAlistepes,Rikenellaceae
24,Alistipes-onderdonkii-DSM-19147-MAF-2,cysM,431.4,79.01098901,>75%,>75%,Bacteroidetes,BacteroidiaAlistepes,Rikenellaceae
25,Alistipes-onderdonkii-DSM-19147-MAF-2,lcd,48.4,65.85034014,NA,50-75%,Bacteroidetes,BacteroidiaAlistepes,Rikenellaceae
26,Alistipes-onderdonkii-DSM-19147-MAF-2,malY,604.1,113.7450574,>75%,>75%,Bacteroidetes,BacteroidiaAlistepes,Rikenellaceae
27,Alistipes-onderdonkii-DSM-19147-MAF-2,metC,313.8,55.70743831,50-75%,50-75%,Bacteroidetes,BacteroidiaAlistepes,Rikenellaceae
28,Alistipes-onderdonkii-DSM-19147-MAF-2,tnaA,847.2,90.74550129,>75%,>75%,Bacteroidetes,BacteroidiaAlistepes,Rikenellaceae
29,Alistipes-putredinis-DSM-17216-MAF-2,cysK,76.5,14.83708301,<50%,<50%,Bacteroidetes,BacteroidiaAlistepes,Rikenellaceae
30,Alistipes-putredinis-DSM-17216-MAF-2,cysM,42.2,7.728937729,<50%,<50%,Bacteroidetes,BacteroidiaAlistepes,Rikenellaceae
31,Alistipes-putredinis-DSM-17216-MAF-2,lcd,51.8,70.47619048,NA,50-75%,Bacteroidetes,BacteroidiaAlistepes,Rikenellaceae
32,Alistipes-putredinis-DSM-17216-MAF-2,malY,390.4,73.50781397,50-75%,50-75%,Bacteroidetes,BacteroidiaAlistepes,Rikenellaceae
33,Alistipes-putredinis-DSM-17216-MAF-2,metC,354.1,62.86170779,50-75%,50-75%,Bacteroidetes,BacteroidiaAlistepes,Rikenellaceae
34,Alistipes-putredinis-DSM-17216-MAF-2,tnaA,841.3,90.11353899,>75%,>75%,Bacteroidetes,BacteroidiaAlistepes,Rikenellaceae
35,Alistipes-senegalensis-JC50-MAF-2,cysK,525.4,101.9006982,>75%,>75%,Bacteroidetes,BacteroidiaAlistepes,Rikenellaceae
36,Alistipes-senegalensis-JC50-MAF-2,cysM,355.9,65.18315018,50-75%,50-75%,Bacteroidetes,BacteroidiaAlistepes,Rikenellaceae
37,Alistipes-senegalensis-JC50-MAF-2,lcd,42.7,58.0952381,NA,50-75%,Bacteroidetes,BacteroidiaAlistepes,Rikenellaceae
38,Alistipes-senegalensis-JC50-MAF-2,malY,587.3,110.5818113,>75%,>75%,Bacteroidetes,BacteroidiaAlistepes,Rikenellaceae
39,Alistipes-senegalensis-JC50-MAF-2,metC,409.3,72.66110421,50-75%,50-75%,Bacteroidetes,BacteroidiaAlistepes,Rikenellaceae
40,Alistipes-shahii-WAL-8301-MAF-2,cysK,392.6,76.14429791,>75%,>75%,Bacteroidetes,BacteroidiaAlistepes,Rikenellaceae
41,Alistipes-shahii-WAL-8301-MAF-2,cysM,433.8,79.45054945,>75%,>75%,Bacteroidetes,BacteroidiaAlistepes,Rikenellaceae
42,Alistipes-shahii-WAL-8301-MAF-2,lcd,46.9,63.80952381,NA,50-75%,Bacteroidetes,BacteroidiaAlistepes,Rikenellaceae
43,Alistipes-shahii-WAL-8301-MAF-2,malY,569.3,107.1926191,>75%,>75%,Bacteroidetes,BacteroidiaAlistepes,Rikenellaceae
44,Alistipes-shahii-WAL-8301-MAF-2,metC,317.7,56.39978697,50-75%,50-75%,Bacteroidetes,BacteroidiaAlistepes,Rikenellaceae
45,Alistipes-shahii-WAL-8301-MAF-2,tnaA,843.7,90.3706084,>75%,>75%,Bacteroidetes,BacteroidiaAlistepes,Rikenellaceae
46,Anaerobutyricum_hallii,cysK,531.9,103.1613654,>75%,>75%,Firmicutes,Clostridia,Lachnospiraceae
47,Anaerobutyricum_hallii,cysM,363.3,66.53846154,50-75%,50-75%,Firmicutes,Clostridia,Lachnospiraceae
48,Anaerobutyricum_hallii,lcd,47.3,64.3537415,NA,50-75%,Firmicutes,Clostridia,Lachnospiraceae
49,Anaerobutyricum_hallii,malY,221.5,41.70589343,<50%,<50%,Firmicutes,Clostridia,Lachnospiraceae
50,Anaerobutyricum_hallii,metC,397.4,70.54855317,50-75%,50-75%,Firmicutes,Clostridia,Lachnospiraceae
51,Anaerostipes-caccae-DSM-14662-MAF-2,cysK,555.8,107.7967417,>75%,>75%,Firmicutes,Clostridia,Lachnospiraceae
52,Anaerostipes-caccae-DSM-14662-MAF-2,cysM,380.7,69.72527473,50-75%,50-75%,Firmicutes,Clostridia,Lachnospiraceae
53,Anaerostipes-caccae-DSM-14662-MAF-2,lcd,31.8,43.26530612,NA,<50%,Firmicutes,Clostridia,Lachnospiraceae
54,Anaerostipes-caccae-DSM-14662-MAF-2,malY,219.6,41.34814536,<50%,<50%,Firmicutes,Clostridia,Lachnospiraceae
55,Anaerostipes-caccae-DSM-14662-MAF-2,metC,385.9,68.50701225,50-75%,50-75%,Firmicutes,Clostridia,Lachnospiraceae
56,Anaerotruncus-colihominis-DSM-17241-MAF-2,cysK,553.3,107.3118697,>75%,>75%,Firmicutes,Clostridia,Oscillospiraceae
57,Anaerotruncus-colihominis-DSM-17241-MAF-2,cysM,378.9,69.3956044,50-75%,50-75%,Firmicutes,Clostridia,Oscillospiraceae
58,Anaerotruncus-colihominis-DSM-17241-MAF-2,lcd,75.6,102.8571429,NA,>75%,Firmicutes,Clostridia,Oscillospiraceae
59,Anaerotruncus-colihominis-DSM-17241-MAF-2,malY,527.9,99.39747693,>75%,>75%,Firmicutes,Clostridia,Oscillospiraceae
60,Anaerotruncus-colihominis-DSM-17241-MAF-2,metC,413.2,73.35345287,50-75%,50-75%,Firmicutes,Clostridia,Oscillospiraceae
61,Anaerotruncus-colihominis-DSM-17241-MAF-2,tnaA,770.3,82.50856898,>75%,>75%,Firmicutes,Clostridia,Oscillospiraceae
62,Bacteroides_fragilis,cysK,539.9,104.7129558,>75%,>75%,Bacteroidetes,Bacteroidia,Bacteroidaceae
63,Bacteroides_fragilis,cysM,362.4,66.37362637,50-75%,50-75%,Bacteroidetes,Bacteroidia,Bacteroidaceae
64,Bacteroides_fragilis,lcd,95.6,130.0680272,NA,>75%,Bacteroidetes,Bacteroidia,Bacteroidaceae
65,Bacteroides_fragilis,malY,573.5,107.9834306,>75%,>75%,Bacteroidetes,Bacteroidia,Bacteroidaceae
66,Bacteroides_fragilis,metC,398.1,70.67282088,50-75%,50-75%,Bacteroidetes,Bacteroidia,Bacteroidaceae
67,Bacteroides_thetaiotaomicron,cysK,546.8,106.0512025,>75%,>75%,Bacteroidetes,Bacteroidia,Bacteroidaceae
68,Bacteroides_thetaiotaomicron,cysM,363.6,66.59340659,50-75%,50-75%,Bacteroidetes,Bacteroidia,Bacteroidaceae
69,Bacteroides_thetaiotaomicron,lcd,77.7,105.7142857,NA,>75%,Bacteroidetes,Bacteroidia,Bacteroidaceae
70,Bacteroides_thetaiotaomicron,malY,600.4,113.0483901,>75%,>75%,Bacteroidetes,Bacteroidia,Bacteroidaceae
71,Bacteroides_thetaiotaomicron,metC,410.4,72.85638203,50-75%,50-75%,Bacteroidetes,Bacteroidia,Bacteroidaceae
72,Bacteroides_thetaiotaomicron,tnaA,854.5,91.52742074,>75%,>75%,Bacteroidetes,Bacteroidia,Bacteroidaceae
73,Bacteroides-caccae-ATCC-43185-MAF-2,cysK,542.8,105.2754073,>75%,>75%,Bacteroidetes,Bacteroidia,Bacteroidaceae
74,Bacteroides-caccae-ATCC-43185-MAF-2,cysM,361.3,66.17216117,50-75%,50-75%,Bacteroidetes,Bacteroidia,Bacteroidaceae
75,Bacteroides-caccae-ATCC-43185-MAF-2,lcd,85.2,115.9183673,NA,>75%,Bacteroidetes,Bacteroidia,Bacteroidaceae
76,Bacteroides-caccae-ATCC-43185-MAF-2,malY,593.3,111.7115421,>75%,>75%,Bacteroidetes,Bacteroidia,Bacteroidaceae
77,Bacteroides-caccae-ATCC-43185-MAF-2,metC,409.2,72.64335168,50-75%,50-75%,Bacteroidetes,Bacteroidia,Bacteroidaceae
78,Bacteroides-cellulosilyticus-DSM-14838-MAF-2,cysK,543.3,105.3723817,>75%,>75%,Bacteroidetes,Bacteroidia,Bacteroidaceae
79,Bacteroides-cellulosilyticus-DSM-14838-MAF-2,cysM,365,66.84981685,50-75%,50-75%,Bacteroidetes,Bacteroidia,Bacteroidaceae
80,Bacteroides-cellulosilyticus-DSM-14838-MAF-2,lcd,86.4,117.5510204,NA,>75%,Bacteroidetes,Bacteroidia,Bacteroidaceae
81,Bacteroides-cellulosilyticus-DSM-14838-MAF-2,malY,616.7,116.117492,>75%,>75%,Bacteroidetes,Bacteroidia,Bacteroidaceae
82,Bacteroides-cellulosilyticus-DSM-14838-MAF-2,metC,402,71.36516954,50-75%,50-75%,Bacteroidetes,Bacteroidia,Bacteroidaceae
83,Bacteroides-cellulosilyticus-DSM-14838-MAF-2,tnaA,853.2,91.38817481,>75%,>75%,Bacteroidetes,Bacteroidia,Bacteroidaceae
84,Bacteroides-coprophilus-DSM-18228-MAF-2,cysK,526.9,102.1916214,>75%,>75%,Bacteroidetes,Bacteroidia,Bacteroidaceae
85,Bacteroides-coprophilus-DSM-18228-MAF-2,cysM,365.7,66.97802198,50-75%,50-75%,Bacteroidetes,Bacteroidia,Bacteroidaceae
86,Bacteroides-coprophilus-DSM-18228-MAF-2,lcd,98,133.3333333,NA,>75%,Bacteroidetes,Bacteroidia,Bacteroidaceae
87,Bacteroides-coprophilus-DSM-18228-MAF-2,malY,572.5,107.7951422,>75%,>75%,Bacteroidetes,Bacteroidia,Bacteroidaceae
88,Bacteroides-coprophilus-DSM-18228-MAF-2,metC,398.9,70.81484111,50-75%,50-75%,Bacteroidetes,Bacteroidia,Bacteroidaceae
89,Bacteroides-dorei-5-1-36-D4-MAF-2,cysK,534.4,103.6462374,>75%,>75%,Bacteroidetes,Bacteroidia,Bacteroidaceae
90,Bacteroides-dorei-5-1-36-D4-MAF-2,cysM,357.7,65.51282051,50-75%,50-75%,Bacteroidetes,Bacteroidia,Bacteroidaceae
91,Bacteroides-dorei-5-1-36-D4-MAF-2,lcd,93.5,127.2108844,NA,>75%,Bacteroidetes,Bacteroidia,Bacteroidaceae
92,Bacteroides-dorei-5-1-36-D4-MAF-2,malY,601.2,113.1990209,>75%,>75%,Bacteroidetes,Bacteroidia,Bacteroidaceae
93,Bacteroides-dorei-5-1-36-D4-MAF-2,metC,407,72.25279602,50-75%,50-75%,Bacteroidetes,Bacteroidia,Bacteroidaceae
94,Bacteroides-dorei-DSM-17855-MAF-2,cysK,534.8,103.7238169,>75%,>75%,Bacteroidetes,Bacteroidia,Bacteroidaceae
95,Bacteroides-dorei-DSM-17855-MAF-2,cysM,356.7,65.32967033,50-75%,50-75%,Bacteroidetes,Bacteroidia,Bacteroidaceae
96,Bacteroides-dorei-DSM-17855-MAF-2,lcd,98.1,133.4693878,NA,>75%,Bacteroidetes,Bacteroidia,Bacteroidaceae
97,Bacteroides-dorei-DSM-17855-MAF-2,malY,600.4,113.0483901,>75%,>75%,Bacteroidetes,Bacteroidia,Bacteroidaceae
98,Bacteroides-dorei-DSM-17855-MAF-2,metC,407,72.25279602,50-75%,50-75%,Bacteroidetes,Bacteroidia,Bacteroidaceae
99,Bacteroides-eggerthii-DSM-20697-MAF-2,cysK,544.2,105.5469356,>75%,>75%,Bacteroidetes,Bacteroidia,Bacteroidaceae
100,Bacteroides-eggerthii-DSM-20697-MAF-2,cysM,355.1,65.03663004,50-75%,50-75%,Bacteroidetes,Bacteroidia,Bacteroidaceae
101,Bacteroides-eggerthii-DSM-20697-MAF-2,lcd,96.2,130.8843537,NA,>75%,Bacteroidetes,Bacteroidia,Bacteroidaceae
102,Bacteroides-eggerthii-DSM-20697-MAF-2,malY,570.4,107.3997364,>75%,>75%,Bacteroidetes,Bacteroidia,Bacteroidaceae
103,Bacteroides-eggerthii-DSM-20697-MAF-2,metC,399.6,70.93910882,50-75%,50-75%,Bacteroidetes,Bacteroidia,Bacteroidaceae
104,Bacteroides-eggerthii-DSM-20697-MAF-2,tnaA,851.7,91.22750643,>75%,>75%,Bacteroidetes,Bacteroidia,Bacteroidaceae
105,Bacteroides-finegoldii-DSM-17565-MAF-2,cysK,539.5,104.6353763,>75%,>75%,Bacteroidetes,Bacteroidia,Bacteroidaceae
106,Bacteroides-finegoldii-DSM-17565-MAF-2,cysM,360.6,66.04395604,50-75%,50-75%,Bacteroidetes,Bacteroidia,Bacteroidaceae
107,Bacteroides-finegoldii-DSM-17565-MAF-2,lcd,78.8,107.2108844,NA,>75%,Bacteroidetes,Bacteroidia,Bacteroidaceae
108,Bacteroides-finegoldii-DSM-17565-MAF-2,malY,568.8,107.0984749,>75%,>75%,Bacteroidetes,Bacteroidia,Bacteroidaceae
109,Bacteroides-finegoldii-DSM-17565-MAF-2,metC,413,73.31794781,50-75%,50-75%,Bacteroidetes,Bacteroidia,Bacteroidaceae
110,Bacteroides-fragilis-2-1-16-MAF-2,cysK,539.9,104.7129558,>75%,>75%,Bacteroidetes,Bacteroidia,Bacteroidaceae
111,Bacteroides-fragilis-2-1-16-MAF-2,cysM,362.4,66.37362637,50-75%,50-75%,Bacteroidetes,Bacteroidia,Bacteroidaceae
112,Bacteroides-fragilis-2-1-16-MAF-2,lcd,95.6,130.0680272,NA,>75%,Bacteroidetes,Bacteroidia,Bacteroidaceae
113,Bacteroides-fragilis-2-1-16-MAF-2,malY,573.5,107.9834306,>75%,>75%,Bacteroidetes,Bacteroidia,Bacteroidaceae
114,Bacteroides-fragilis-2-1-16-MAF-2,metC,398.1,70.67282088,50-75%,50-75%,Bacteroidetes,Bacteroidia,Bacteroidaceae
115,Bacteroides-fragilis-3-1-12-MAF-2,cysK,540.1,104.7517455,>75%,>75%,Bacteroidetes,Bacteroidia,Bacteroidaceae
116,Bacteroides-fragilis-3-1-12-MAF-2,cysM,359.6,65.86080586,50-75%,50-75%,Bacteroidetes,Bacteroidia,Bacteroidaceae
117,Bacteroides-fragilis-3-1-12-MAF-2,lcd,95.4,129.7959184,NA,>75%,Bacteroidetes,Bacteroidia,Bacteroidaceae
118,Bacteroides-fragilis-3-1-12-MAF-2,malY,595.6,112.1446055,>75%,>75%,Bacteroidetes,Bacteroidia,Bacteroidaceae
119,Bacteroides-fragilis-3-1-12-MAF-2,metC,395.8,70.26451269,50-75%,50-75%,Bacteroidetes,Bacteroidia,Bacteroidaceae
120,Bacteroides-intestinalis-DSM-17393-MAF-2,cysK,535.1,103.7820016,>75%,>75%,Bacteroidetes,Bacteroidia,Bacteroidaceae
121,Bacteroides-intestinalis-DSM-17393-MAF-2,cysM,361,66.11721612,50-75%,50-75%,Bacteroidetes,Bacteroidia,Bacteroidaceae
122,Bacteroides-intestinalis-DSM-17393-MAF-2,lcd,84.4,114.829932,NA,>75%,Bacteroidetes,Bacteroidia,Bacteroidaceae
123,Bacteroides-intestinalis-DSM-17393-MAF-2,malY,601.3,113.2178497,>75%,>75%,Bacteroidetes,Bacteroidia,Bacteroidaceae
124,Bacteroides-intestinalis-DSM-17393-MAF-2,metC,398.8,70.79708859,50-75%,50-75%,Bacteroidetes,Bacteroidia,Bacteroidaceae
125,Bacteroides-intestinalis-DSM-17393-MAF-2,tnaA,851.6,91.2167952,>75%,>75%,Bacteroidetes,Bacteroidia,Bacteroidaceae
126,Bacteroides-ovatus-ATCC-8483-MAF-2,cysK,543,105.3141971,>75%,>75%,Bacteroidetes,Bacteroidia,Bacteroidaceae
127,Bacteroides-ovatus-ATCC-8483-MAF-2,cysM,360.5,66.02564103,50-75%,50-75%,Bacteroidetes,Bacteroidia,Bacteroidaceae
128,Bacteroides-ovatus-ATCC-8483-MAF-2,lcd,87.6,119.1836735,NA,>75%,Bacteroidetes,Bacteroidia,Bacteroidaceae
129,Bacteroides-ovatus-ATCC-8483-MAF-2,malY,594.4,111.9186594,>75%,>75%,Bacteroidetes,Bacteroidia,Bacteroidaceae
130,Bacteroides-ovatus-ATCC-8483-MAF-2,metC,412.7,73.26469022,50-75%,50-75%,Bacteroidetes,Bacteroidia,Bacteroidaceae
131,Bacteroides-ovatus-ATCC-8483-MAF-2,tnaA,851.9,91.24892888,>75%,>75%,Bacteroidetes,Bacteroidia,Bacteroidaceae
132,Bacteroides-pectinophilus-ATCC-43243-MAF-2,cysK,533.8,103.5298681,>75%,>75%,Bacteroidetes,Bacteroidia,Bacteroidaceae
133,Bacteroides-pectinophilus-ATCC-43243-MAF-2,cysM,363.2,66.52014652,50-75%,50-75%,Bacteroidetes,Bacteroidia,Bacteroidaceae
134,Bacteroides-pectinophilus-ATCC-43243-MAF-2,lcd,51.9,70.6122449,NA,50-75%,Bacteroidetes,Bacteroidia,Bacteroidaceae
135,Bacteroides-pectinophilus-ATCC-43243-MAF-2,malY,217.4,40.93391075,<50%,<50%,Bacteroidetes,Bacteroidia,Bacteroidaceae
136,Bacteroides-pectinophilus-ATCC-43243-MAF-2,metC,396.3,70.35327534,50-75%,50-75%,Bacteroidetes,Bacteroidia,Bacteroidaceae
137,Bacteroides-plebeius-DSM-17135-MAF-2,cysK,535.4,103.8401862,>75%,>75%,Bacteroidetes,Bacteroidia,Bacteroidaceae
138,Bacteroides-plebeius-DSM-17135-MAF-2,cysM,365.4,66.92307692,50-75%,50-75%,Bacteroidetes,Bacteroidia,Bacteroidaceae
139,Bacteroides-plebeius-DSM-17135-MAF-2,lcd,104.2,141.7687075,NA,>75%,Bacteroidetes,Bacteroidia,Bacteroidaceae
140,Bacteroides-plebeius-DSM-17135-MAF-2,malY,601.2,113.1990209,>75%,>75%,Bacteroidetes,Bacteroidia,Bacteroidaceae
141,Bacteroides-plebeius-DSM-17135-MAF-2,metC,396,70.30001775,50-75%,50-75%,Bacteroidetes,Bacteroidia,Bacteroidaceae
142,Bacteroides-rodentium-JCM-16496-MAF-2,cysK,558.2,108.2622188,>75%,>75%,Bacteroidetes,Bacteroidia,Bacteroidaceae
143,Bacteroides-rodentium-JCM-16496-MAF-2,cysM,367.9,67.38095238,50-75%,50-75%,Bacteroidetes,Bacteroidia,Bacteroidaceae
144,Bacteroides-rodentium-JCM-16496-MAF-2,lcd,97.6,132.7891156,NA,>75%,Bacteroidetes,Bacteroidia,Bacteroidaceae
145,Bacteroides-rodentium-JCM-16496-MAF-2,malY,591.5,111.3726229,>75%,>75%,Bacteroidetes,Bacteroidia,Bacteroidaceae
146,Bacteroides-rodentium-JCM-16496-MAF-2,metC,404.3,71.77347772,50-75%,50-75%,Bacteroidetes,Bacteroidia,Bacteroidaceae
147,Bacteroides-rodentium-JCM-16496-MAF-2,tnaA,860.4,92.15938303,>75%,>75%,Bacteroidetes,Bacteroidia,Bacteroidaceae
148,Bacteroides-sp-3-1-19-MAF-2,cysK,545.7,105.8378588,>75%,>75%,Bacteroidetes,Bacteroidia,Bacteroidaceae
149,Bacteroides-sp-3-1-19-MAF-2,cysM,358.6,65.67765568,50-75%,50-75%,Bacteroidetes,Bacteroidia,Bacteroidaceae
150,Bacteroides-sp-3-1-19-MAF-2,lcd,96.5,131.292517,NA,>75%,Bacteroidetes,Bacteroidia,Bacteroidaceae
151,Bacteroides-sp-3-1-19-MAF-2,malY,590.7,111.2219921,>75%,>75%,Bacteroidetes,Bacteroidia,Bacteroidaceae
152,Bacteroides-sp-3-1-19-MAF-2,metC,389.2,69.09284573,50-75%,50-75%,Bacteroidetes,Bacteroidia,Bacteroidaceae
153,Bacteroides-sp-9-1-42FAA-MAF-2,cysK,534.4,103.6462374,>75%,>75%,Bacteroidetes,Bacteroidia,Bacteroidaceae
154,Bacteroides-sp-9-1-42FAA-MAF-2,cysM,357.7,65.51282051,50-75%,50-75%,Bacteroidetes,Bacteroidia,Bacteroidaceae
155,Bacteroides-sp-9-1-42FAA-MAF-2,lcd,93.8,127.6190476,NA,>75%,Bacteroidetes,Bacteroidia,Bacteroidaceae
156,Bacteroides-sp-9-1-42FAA-MAF-2,malY,603.7,113.669742,>75%,>75%,Bacteroidetes,Bacteroidia,Bacteroidaceae
157,Bacteroides-sp-9-1-42FAA-MAF-2,metC,407,72.25279602,50-75%,50-75%,Bacteroidetes,Bacteroidia,Bacteroidaceae
158,Bacteroides-sp-D2-MAF-2,cysK,542.9,105.2948022,>75%,>75%,Bacteroidetes,Bacteroidia,Bacteroidaceae
159,Bacteroides-sp-D2-MAF-2,cysM,360.8,66.08058608,50-75%,50-75%,Bacteroidetes,Bacteroidia,Bacteroidaceae
160,Bacteroides-sp-D2-MAF-2,lcd,87.1,118.5034014,NA,>75%,Bacteroidetes,Bacteroidia,Bacteroidaceae
161,Bacteroides-sp-D2-MAF-2,malY,573.2,107.9269441,>75%,>75%,Bacteroidetes,Bacteroidia,Bacteroidaceae
162,Bacteroides-sp-D2-MAF-2,metC,412.7,73.26469022,50-75%,50-75%,Bacteroidetes,Bacteroidia,Bacteroidaceae
163,Bacteroides-sp-D2-MAF-2,tnaA,850.8,91.1311054,>75%,>75%,Bacteroidetes,Bacteroidia,Bacteroidaceae
164,Bacteroides-stercoris-ATCC-43183-MAF-2,cysK,545.5,105.799069,>75%,>75%,Bacteroidetes,Bacteroidia,Bacteroidaceae
165,Bacteroides-stercoris-ATCC-43183-MAF-2,cysM,361.5,66.20879121,50-75%,50-75%,Bacteroidetes,Bacteroidia,Bacteroidaceae
166,Bacteroides-stercoris-ATCC-43183-MAF-2,lcd,92.4,125.7142857,NA,>75%,Bacteroidetes,Bacteroidia,Bacteroidaceae
167,Bacteroides-stercoris-ATCC-43183-MAF-2,malY,578.3,108.8872152,>75%,>75%,Bacteroidetes,Bacteroidia,Bacteroidaceae
168,Bacteroides-stercoris-ATCC-43183-MAF-2,metC,407,72.25279602,50-75%,50-75%,Bacteroidetes,Bacteroidia,Bacteroidaceae
169,Bacteroides-stercoris-ATCC-43183-MAF-2,tnaA,855.8,91.66666667,>75%,>75%,Bacteroidetes,Bacteroidia,Bacteroidaceae
170,Bacteroides-thetaiotaomicron-1-1-6-MAF-2,cysK,546.2,105.9348332,>75%,>75%,Bacteroidetes,Bacteroidia,Bacteroidaceae
171,Bacteroides-thetaiotaomicron-1-1-6-MAF-2,cysM,362.6,66.41025641,50-75%,50-75%,Bacteroidetes,Bacteroidia,Bacteroidaceae
172,Bacteroides-thetaiotaomicron-1-1-6-MAF-2,lcd,77.7,105.7142857,NA,>75%,Bacteroidetes,Bacteroidia,Bacteroidaceae
173,Bacteroides-thetaiotaomicron-1-1-6-MAF-2,malY,600.4,113.0483901,>75%,>75%,Bacteroidetes,Bacteroidia,Bacteroidaceae
174,Bacteroides-thetaiotaomicron-1-1-6-MAF-2,metC,408.2,72.46582638,50-75%,50-75%,Bacteroidetes,Bacteroidia,Bacteroidaceae
175,Bacteroides-thetaiotaomicron-1-1-6-MAF-2,tnaA,855.4,91.62382177,>75%,>75%,Bacteroidetes,Bacteroidia,Bacteroidaceae
176,Bacteroides-thetaiotaomicron-VPI-5482-MAF-2,cysK,546.8,106.0512025,>75%,>75%,Bacteroidetes,Bacteroidia,Bacteroidaceae
177,Bacteroides-thetaiotaomicron-VPI-5482-MAF-2,cysM,363.6,66.59340659,50-75%,50-75%,Bacteroidetes,Bacteroidia,Bacteroidaceae
178,Bacteroides-thetaiotaomicron-VPI-5482-MAF-2,lcd,77.7,105.7142857,NA,>75%,Bacteroidetes,Bacteroidia,Bacteroidaceae
179,Bacteroides-thetaiotaomicron-VPI-5482-MAF-2,malY,600.4,113.0483901,>75%,>75%,Bacteroidetes,Bacteroidia,Bacteroidaceae
180,Bacteroides-thetaiotaomicron-VPI-5482-MAF-2,metC,410.4,72.85638203,50-75%,50-75%,Bacteroidetes,Bacteroidia,Bacteroidaceae
181,Bacteroides-thetaiotaomicron-VPI-5482-MAF-2,tnaA,854.5,91.52742074,>75%,>75%,Bacteroidetes,Bacteroidia,Bacteroidaceae
182,Bacteroides-uniformis-ATCC-8492-MAF-2,cysK,555.4,107.7191621,>75%,>75%,Bacteroidetes,Bacteroidia,Bacteroidaceae
183,Bacteroides-uniformis-ATCC-8492-MAF-2,cysM,367.5,67.30769231,50-75%,50-75%,Bacteroidetes,Bacteroidia,Bacteroidaceae
184,Bacteroides-uniformis-ATCC-8492-MAF-2,lcd,99.4,135.2380952,NA,>75%,Bacteroidetes,Bacteroidia,Bacteroidaceae
185,Bacteroides-uniformis-ATCC-8492-MAF-2,malY,593.7,111.7868575,>75%,>75%,Bacteroidetes,Bacteroidia,Bacteroidaceae
186,Bacteroides-uniformis-ATCC-8492-MAF-2,metC,401.6,71.29415942,50-75%,50-75%,Bacteroidetes,Bacteroidia,Bacteroidaceae
187,Bacteroides-uniformis-ATCC-8492-MAF-2,tnaA,857.2,91.81662382,>75%,>75%,Bacteroidetes,Bacteroidia,Bacteroidaceae
188,Bacteroides-xylanisolvens-SD-CC-1b-MAF-2,cysK,543.8,105.4693561,>75%,>75%,Bacteroidetes,Bacteroidia,Bacteroidaceae
189,Bacteroides-xylanisolvens-SD-CC-1b-MAF-2,cysM,362.5,66.39194139,50-75%,50-75%,Bacteroidetes,Bacteroidia,Bacteroidaceae
190,Bacteroides-xylanisolvens-SD-CC-1b-MAF-2,lcd,85.7,116.5986395,NA,>75%,Bacteroidetes,Bacteroidia,Bacteroidaceae
191,Bacteroides-xylanisolvens-SD-CC-1b-MAF-2,malY,589.3,110.9583883,>75%,>75%,Bacteroidetes,Bacteroidia,Bacteroidaceae
192,Bacteroides-xylanisolvens-SD-CC-1b-MAF-2,metC,412.7,73.26469022,50-75%,50-75%,Bacteroidetes,Bacteroidia,Bacteroidaceae
193,Bacteroides-xylanisolvens-SD-CC-1b-MAF-2,tnaA,853.6,91.43101971,>75%,>75%,Bacteroidetes,Bacteroidia,Bacteroidaceae
194,Bifidobacterium_adolescentis,cysK,420.6,81.57486424,>75%,>75%,Actinobacteria,Actinomycetia,Bifidobacteriaceae
195,Bifidobacterium_adolescentis,cysM,315,57.69230769,50-75%,50-75%,Actinobacteria,Actinomycetia,Bifidobacteriaceae
196,Bifidobacterium_adolescentis,lcd,33.6,45.71428571,NA,<50%,Actinobacteria,Actinomycetia,Bifidobacteriaceae
197,Bifidobacterium_adolescentis,malY,528.7,99.5481077,>75%,>75%,Actinobacteria,Actinomycetia,Bifidobacteriaceae
198,Bifidobacterium_adolescentis,metC,486.9,86.43706728,>75%,>75%,Actinobacteria,Actinomycetia,Bifidobacteriaceae
199,Bifidobacterium_longum,cysK,415.3,80.54693561,>75%,>75%,Actinobacteria,Actinomycetia,Bifidobacteriaceae
200,Bifidobacterium_longum,cysM,307.7,56.35531136,50-75%,50-75%,Actinobacteria,Actinomycetia,Bifidobacteriaceae
201,Bifidobacterium_longum,lcd,32,43.53741497,NA,<50%,Actinobacteria,Actinomycetia,Bifidobacteriaceae
202,Bifidobacterium_longum,malY,430.1,80.98286575,>75%,>75%,Actinobacteria,Actinomycetia,Bifidobacteriaceae
203,Bifidobacterium_longum,metC,483.6,85.8512338,>75%,>75%,Actinobacteria,Actinomycetia,Bifidobacteriaceae
204,Bifidobacterium-adolescentis-L2-32-MAF-2,cysK,419.9,81.43910008,>75%,>75%,Actinobacteria,Actinomycetia,Bifidobacteriaceae
205,Bifidobacterium-adolescentis-L2-32-MAF-2,cysM,310.8,56.92307692,50-75%,50-75%,Actinobacteria,Actinomycetia,Bifidobacteriaceae
206,Bifidobacterium-adolescentis-L2-32-MAF-2,lcd,36.5,49.65986395,NA,<50%,Actinobacteria,Actinomycetia,Bifidobacteriaceae
207,Bifidobacterium-adolescentis-L2-32-MAF-2,malY,528.8,99.56693655,>75%,>75%,Actinobacteria,Actinomycetia,Bifidobacteriaceae
208,Bifidobacterium-adolescentis-L2-32-MAF-2,metC,486.9,86.43706728,>75%,>75%,Actinobacteria,Actinomycetia,Bifidobacteriaceae
209,Blautia-hansenii-DSM-20583-MAF-2,cysK,520.4,100.9309542,>75%,>75%,Firmicutes,Clostridia,Lachnospiraceae
210,Blautia-hansenii-DSM-20583-MAF-2,cysM,358.6,65.67765568,50-75%,50-75%,Firmicutes,Clostridia,Lachnospiraceae
211,Blautia-hansenii-DSM-20583-MAF-2,lcd,44.4,60.40816327,NA,50-75%,Firmicutes,Clostridia,Lachnospiraceae
212,Blautia-hansenii-DSM-20583-MAF-2,malY,505.8,95.23630201,>75%,>75%,Firmicutes,Clostridia,Lachnospiraceae
213,Blautia-hansenii-DSM-20583-MAF-2,metC,370.9,65.84413279,50-75%,50-75%,Firmicutes,Clostridia,Lachnospiraceae
214,Blautia-hydrogenotrophica-DSM-10507-MAF-2,cysK,525.5,101.9200931,>75%,>75%,Firmicutes,Clostridia,Lachnospiraceae
215,Blautia-hydrogenotrophica-DSM-10507-MAF-2,cysM,372.6,68.24175824,50-75%,50-75%,Firmicutes,Clostridia,Lachnospiraceae
216,Blautia-hydrogenotrophica-DSM-10507-MAF-2,lcd,44.9,61.08843537,NA,50-75%,Firmicutes,Clostridia,Lachnospiraceae
217,Blautia-hydrogenotrophica-DSM-10507-MAF-2,malY,228.6,43.04274148,<50%,<50%,Firmicutes,Clostridia,Lachnospiraceae
218,Blautia-hydrogenotrophica-DSM-10507-MAF-2,metC,393.4,69.83845198,50-75%,50-75%,Firmicutes,Clostridia,Lachnospiraceae
219,Blautia-obeum-ATCC-29174-MAF-2,cysK,543.3,105.3723817,>75%,>75%,Firmicutes,Clostridia,Lachnospiraceae
220,Blautia-obeum-ATCC-29174-MAF-2,cysM,366.6,67.14285714,50-75%,50-75%,Firmicutes,Clostridia,Lachnospiraceae
221,Blautia-obeum-ATCC-29174-MAF-2,lcd,41.9,57.00680272,NA,50-75%,Firmicutes,Clostridia,Lachnospiraceae
222,Blautia-obeum-ATCC-29174-MAF-2,malY,166,31.25588401,<50%,<50%,Firmicutes,Clostridia,Lachnospiraceae
223,Blautia-obeum-ATCC-29174-MAF-2,metC,389.1,69.0750932,50-75%,50-75%,Firmicutes,Clostridia,Lachnospiraceae
224,Blautia-sp-KLE-1732-MAF-2,cysK,556.9,108.0100853,>75%,>75%,Firmicutes,Clostridia,Lachnospiraceae
225,Blautia-sp-KLE-1732-MAF-2,cysM,376.5,68.95604396,50-75%,50-75%,Firmicutes,Clostridia,Lachnospiraceae
226,Blautia-sp-KLE-1732-MAF-2,lcd,39.6,53.87755102,NA,50-75%,Firmicutes,Clostridia,Lachnospiraceae
227,Blautia-sp-KLE-1732-MAF-2,malY,444,83.60007532,>75%,>75%,Firmicutes,Clostridia,Lachnospiraceae
228,Blautia-sp-KLE-1732-MAF-2,metC,398.3,70.70832594,50-75%,50-75%,Firmicutes,Clostridia,Lachnospiraceae
229,Blautia-wexlerae-DSM-19850-MAF-2,cysK,544.9,105.6826998,>75%,>75%,Firmicutes,Clostridia,Lachnospiraceae
230,Blautia-wexlerae-DSM-19850-MAF-2,cysM,368.1,67.41758242,50-75%,50-75%,Firmicutes,Clostridia,Lachnospiraceae
231,Blautia-wexlerae-DSM-19850-MAF-2,lcd,35.4,48.16326531,NA,<50%,Firmicutes,Clostridia,Lachnospiraceae
232,Blautia-wexlerae-DSM-19850-MAF-2,malY,160.9,30.29561288,<50%,<50%,Firmicutes,Clostridia,Lachnospiraceae
233,Blautia-wexlerae-DSM-19850-MAF-2,metC,400.2,71.045624,50-75%,50-75%,Firmicutes,Clostridia,Lachnospiraceae
234,Butyricimonas-virosa-DSM-23226-MAF-2,cysK,79.6,15.43832428,<50%,<50%,Bacteroidetes,Bacteroidia,Odoribacteraceae
235,Butyricimonas-virosa-DSM-23226-MAF-2,cysM,39.7,7.271062271,<50%,<50%,Bacteroidetes,Bacteroidia,Odoribacteraceae
236,Butyricimonas-virosa-DSM-23226-MAF-2,lcd,80.3,109.2517007,NA,>75%,Bacteroidetes,Bacteroidia,Odoribacteraceae
237,Butyricimonas-virosa-DSM-23226-MAF-2,malY,560.5,105.5356807,>75%,>75%,Bacteroidetes,Bacteroidia,Odoribacteraceae
238,Butyricimonas-virosa-DSM-23226-MAF-2,metC,32.1,5.698562045,<50%,<50%,Bacteroidetes,Bacteroidia,Odoribacteraceae
239,Butyricimonas-virosa-DSM-23226-MAF-2,tnaA,848,90.83119109,>75%,>75%,Bacteroidetes,Bacteroidia,Odoribacteraceae
240,Butyrivibrio-crossotus-DSM-2876-MAF-2,cysK,538.9,104.519007,>75%,>75%,Bacteroidetes,Bacteroidia,Odoribacteraceae
241,Butyrivibrio-crossotus-DSM-2876-MAF-2,cysM,366.3,67.08791209,50-75%,50-75%,Bacteroidetes,Bacteroidia,Odoribacteraceae
242,Butyrivibrio-crossotus-DSM-2876-MAF-2,lcd,38.1,51.83673469,NA,50-75%,Bacteroidetes,Bacteroidia,Odoribacteraceae
243,Butyrivibrio-crossotus-DSM-2876-MAF-2,malY,565.3,106.4394653,>75%,>75%,Bacteroidetes,Bacteroidia,Odoribacteraceae
244,Butyrivibrio-crossotus-DSM-2876-MAF-2,metC,395.6,70.22900763,50-75%,50-75%,Bacteroidetes,Bacteroidia,Odoribacteraceae
245,Catenibacterium-mitsuokai-DSM-15897-MAF-2,cysK,530.6,102.909232,>75%,>75%,Firmicutes,Erysipelotichia,Coprobacillaceae
246,Catenibacterium-mitsuokai-DSM-15897-MAF-2,cysM,365.8,66.996337,50-75%,50-75%,Firmicutes,Erysipelotichia,Coprobacillaceae
247,Catenibacterium-mitsuokai-DSM-15897-MAF-2,lcd,48.4,65.85034014,NA,50-75%,Firmicutes,Erysipelotichia,Coprobacillaceae
248,Catenibacterium-mitsuokai-DSM-15897-MAF-2,malY,574.9,108.2470345,>75%,>75%,Firmicutes,Erysipelotichia,Coprobacillaceae
249,Catenibacterium-mitsuokai-DSM-15897-MAF-2,metC,396.6,70.40653293,50-75%,50-75%,Firmicutes,Erysipelotichia,Coprobacillaceae
250,Clostridium-scindens-ATCC-35704-MAF-2,cysK,531.6,103.1031808,>75%,>75%,Firmicutes,Clostridia,Lachnospiraceae
251,Clostridium-scindens-ATCC-35704-MAF-2,cysM,381.3,69.83516484,50-75%,50-75%,Firmicutes,Clostridia,Lachnospiraceae
252,Clostridium-scindens-ATCC-35704-MAF-2,lcd,49.2,66.93877551,NA,50-75%,Firmicutes,Clostridia,Lachnospiraceae
253,Clostridium-scindens-ATCC-35704-MAF-2,malY,432.2,81.37827151,>75%,>75%,Firmicutes,Clostridia,Lachnospiraceae
254,Clostridium-scindens-ATCC-35704-MAF-2,metC,387.4,68.7733002,50-75%,50-75%,Firmicutes,Clostridia,Lachnospiraceae
255,Clostridium-sp-M62-1-MAF-2,cysK,502.5,97.45927075,>75%,>75%,Firmicutes,Clostridia,Clostridiaceae
256,Clostridium-sp-M62-1-MAF-2,cysM,351,64.28571429,50-75%,50-75%,Firmicutes,Clostridia,Clostridiaceae
257,Clostridium-sp-M62-1-MAF-2,lcd,33,44.89795918,NA,<50%,Firmicutes,Clostridia,Clostridiaceae
258,Clostridium-sp-M62-1-MAF-2,malY,541.4,101.9393711,>75%,>75%,Firmicutes,Clostridia,Clostridiaceae
259,Clostridium-sp-M62-1-MAF-2,metC,354.4,62.91496538,50-75%,50-75%,Firmicutes,Clostridia,Clostridiaceae
260,Clostridium-spiroforme-DSM-1552-MAF-2,cysK,480.7,93.23118697,>75%,>75%,Firmicutes,Erysipelotichia,Erysipelotrichaceae
261,Clostridium-spiroforme-DSM-1552-MAF-2,cysM,340.7,62.3992674,50-75%,50-75%,Firmicutes,Erysipelotichia,Erysipelotrichaceae
262,Clostridium-spiroforme-DSM-1552-MAF-2,lcd,51.8,70.47619048,NA,50-75%,Firmicutes,Erysipelotichia,Erysipelotrichaceae
263,Clostridium-spiroforme-DSM-1552-MAF-2,malY,513.2,96.6296366,>75%,>75%,Firmicutes,Erysipelotichia,Erysipelotrichaceae
264,Clostridium-spiroforme-DSM-1552-MAF-2,metC,362.7,64.38842535,50-75%,50-75%,Firmicutes,Erysipelotichia,Erysipelotrichaceae
265,Collinsella_aerofaciens,cysK,536.6,104.0729247,>75%,>75%,Actinobacteria,Coriobacteriia,Coriobacteriaceae
266,Collinsella_aerofaciens,cysM,362.4,66.37362637,50-75%,50-75%,Actinobacteria,Coriobacteriia,Coriobacteriaceae
267,Collinsella_aerofaciens,lcd,63.6,86.53061224,NA,>75%,Actinobacteria,Coriobacteriia,Coriobacteriaceae
268,Collinsella_aerofaciens,malY,442.7,83.35530032,>75%,>75%,Actinobacteria,Coriobacteriia,Coriobacteriaceae
269,Collinsella_aerofaciens,metC,386.6,68.63127996,50-75%,50-75%,Actinobacteria,Coriobacteriia,Coriobacteriaceae
270,Collinsella-stercoris-DSM-13279-MAF-2,cysK,518.3,100.5236618,>75%,>75%,Actinobacteria,Coriobacteriia,Coriobacteriaceae
271,Collinsella-stercoris-DSM-13279-MAF-2,cysM,364,66.66666667,50-75%,50-75%,Actinobacteria,Coriobacteriia,Coriobacteriaceae
272,Collinsella-stercoris-DSM-13279-MAF-2,lcd,57.9,78.7755102,NA,>75%,Actinobacteria,Coriobacteriia,Coriobacteriaceae
273,Collinsella-stercoris-DSM-13279-MAF-2,malY,417.4,78.59160233,>75%,>75%,Actinobacteria,Coriobacteriia,Coriobacteriaceae
274,Collinsella-stercoris-DSM-13279-MAF-2,metC,393.2,69.80294692,50-75%,50-75%,Actinobacteria,Coriobacteriia,Coriobacteriaceae
275,Coprococcus-comes-ATCC-27758-MAF-2,cysK,548.1,106.3033359,>75%,>75%,Firmicutes,Clostridia,Lachnospiraceae
276,Coprococcus-comes-ATCC-27758-MAF-2,cysM,367,67.21611722,50-75%,50-75%,Firmicutes,Clostridia,Lachnospiraceae
277,Coprococcus-comes-ATCC-27758-MAF-2,lcd,28.8,39.18367347,NA,<50%,Firmicutes,Clostridia,Lachnospiraceae
278,Coprococcus-comes-ATCC-27758-MAF-2,malY,578.1,108.8495575,>75%,>75%,Firmicutes,Clostridia,Lachnospiraceae
279,Coprococcus-comes-ATCC-27758-MAF-2,metC,469.7,83.38363217,>75%,>75%,Firmicutes,Clostridia,Lachnospiraceae
280,Coprococcus-eutactus-ATCC-27759-MAF-2,cysK,537.5,104.2474787,>75%,>75%,Firmicutes,Clostridia,Lachnospiraceae
281,Coprococcus-eutactus-ATCC-27759-MAF-2,cysM,375.1,68.6996337,50-75%,50-75%,Firmicutes,Clostridia,Lachnospiraceae
282,Coprococcus-eutactus-ATCC-27759-MAF-2,lcd,65.2,88.70748299,NA,>75%,Firmicutes,Clostridia,Lachnospiraceae
283,Coprococcus-eutactus-ATCC-27759-MAF-2,malY,555.3,104.5565807,>75%,>75%,Firmicutes,Clostridia,Lachnospiraceae
284,Coprococcus-eutactus-ATCC-27759-MAF-2,metC,383.2,68.02769395,50-75%,50-75%,Firmicutes,Clostridia,Lachnospiraceae
285,Desulfovibrio_piger,cysK,457.7,88.77036462,>75%,>75%,Proteobacteria,Deltaproteobacteria,Desulfovibrionaceae
286,Desulfovibrio_piger,cysM,319.1,58.44322344,50-75%,50-75%,Proteobacteria,Deltaproteobacteria,Desulfovibrionaceae
287,Desulfovibrio_piger,malY,185.9,35.00282433,<50%,<50%,Proteobacteria,Deltaproteobacteria,Desulfovibrionaceae
288,Desulfovibrio_piger,metC,385,68.34723948,50-75%,50-75%,Proteobacteria,Deltaproteobacteria,Desulfovibrionaceae
289,Dorea-formicigenerans-ATCC-27755-MAF-2,cysK,545.4,105.7796742,>75%,>75%,Firmicutes,Clostridia,Lachnospiraceae
290,Dorea-formicigenerans-ATCC-27755-MAF-2,cysM,366.2,67.06959707,50-75%,50-75%,Firmicutes,Clostridia,Lachnospiraceae
291,Dorea-formicigenerans-ATCC-27755-MAF-2,lcd,38.3,52.10884354,NA,50-75%,Firmicutes,Clostridia,Lachnospiraceae
292,Dorea-formicigenerans-ATCC-27755-MAF-2,malY,595.3,112.088119,>75%,>75%,Firmicutes,Clostridia,Lachnospiraceae
293,Dorea-formicigenerans-ATCC-27755-MAF-2,metC,391.5,69.50115391,50-75%,50-75%,Firmicutes,Clostridia,Lachnospiraceae
294,Dorea-longicatena-DSM-13814-MAF-2,cysK,529.1,102.6183088,>75%,>75%,Firmicutes,Clostridia,Lachnospiraceae
295,Dorea-longicatena-DSM-13814-MAF-2,cysM,358.4,65.64102564,50-75%,50-75%,Firmicutes,Clostridia,Lachnospiraceae
296,Dorea-longicatena-DSM-13814-MAF-2,lcd,42.6,57.95918367,NA,50-75%,Firmicutes,Clostridia,Lachnospiraceae
297,Dorea-longicatena-DSM-13814-MAF-2,malY,590.2,111.1278479,>75%,>75%,Firmicutes,Clostridia,Lachnospiraceae
298,Dorea-longicatena-DSM-13814-MAF-2,metC,471.1,83.63216758,>75%,>75%,Firmicutes,Clostridia,Lachnospiraceae
299,Enterocloster-asparagiformis-DSM-15981-MAF-2,cysK,529.5,102.6958883,>75%,>75%,Firmicutes,Clostridia,Lachnospiraceae
300,Enterocloster-asparagiformis-DSM-15981-MAF-2,cysM,363.5,66.57509158,50-75%,50-75%,Firmicutes,Clostridia,Lachnospiraceae
301,Enterocloster-asparagiformis-DSM-15981-MAF-2,lcd,82.8,112.6530612,NA,>75%,Firmicutes,Clostridia,Lachnospiraceae
302,Enterocloster-asparagiformis-DSM-15981-MAF-2,malY,586.6,110.4500094,>75%,>75%,Firmicutes,Clostridia,Lachnospiraceae
303,Enterocloster-asparagiformis-DSM-15981-MAF-2,metC,396.6,70.40653293,50-75%,50-75%,Firmicutes,Clostridia,Lachnospiraceae
304,Enterocloster-asparagiformis-DSM-15981-MAF-2,tnaA,650.3,69.65509854,50-75%,50-75%,Firmicutes,Clostridia,Lachnospiraceae
305,Enterocloster-bolteae-ATCC-BAA-613-MAF-2,cysK,530.1,102.8122576,>75%,>75%,Firmicutes,Clostridia,Lachnospiraceae
306,Enterocloster-bolteae-ATCC-BAA-613-MAF-2,cysM,365.8,66.996337,50-75%,50-75%,Firmicutes,Clostridia,Lachnospiraceae
307,Enterocloster-bolteae-ATCC-BAA-613-MAF-2,lcd,40.6,55.23809524,NA,50-75%,Firmicutes,Clostridia,Lachnospiraceae
308,Enterocloster-bolteae-ATCC-BAA-613-MAF-2,malY,561,105.6298249,>75%,>75%,Firmicutes,Clostridia,Lachnospiraceae
309,Enterocloster-bolteae-ATCC-BAA-613-MAF-2,metC,448.8,79.67335345,>75%,>75%,Firmicutes,Clostridia,Lachnospiraceae
310,Enterocloster-bolteae-ATCC-BAA-613-MAF-2,tnaA,28.2,3.020565553,<50%,<50%,Firmicutes,Clostridia,Lachnospiraceae
311,Escherichia_coli,cysK,515.6,100,>75%,>75%,Proteobacteria,Gammaproteobacteria,Enterobacteriaceae
312,Escherichia_coli,cysM,546,100,>75%,>75%,Proteobacteria,Gammaproteobacteria,Enterobacteriaceae
313,Escherichia_coli,lcd,73.5,100,NA,>75%,Proteobacteria,Gammaproteobacteria,Enterobacteriaceae
314,Escherichia_coli,malY,531.1,100,>75%,>75%,Proteobacteria,Gammaproteobacteria,Enterobacteriaceae
315,Escherichia_coli,metC,563.3,100,>75%,>75%,Proteobacteria,Gammaproteobacteria,Enterobacteriaceae
316,Escherichia_coli,tnaA,933.6,100,>75%,>75%,Proteobacteria,Gammaproteobacteria,Enterobacteriaceae
317,Eubacterium_eligens,cysK,522.8,101.3964313,>75%,>75%,Firmicutes,Clostridia,Lachnospiraceae
318,Eubacterium_eligens,cysM,357.7,65.51282051,50-75%,50-75%,Firmicutes,Clostridia,Lachnospiraceae
319,Eubacterium_eligens,lcd,51.6,70.20408163,NA,50-75%,Firmicutes,Clostridia,Lachnospiraceae
320,Eubacterium_eligens,malY,530.4,99.86819808,>75%,>75%,Firmicutes,Clostridia,Lachnospiraceae
321,Eubacterium_eligens,metC,390.3,69.28812356,50-75%,50-75%,Firmicutes,Clostridia,Lachnospiraceae
322,Eubacterium_rectale,cysK,543.8,105.4693561,>75%,>75%,Firmicutes,Clostridia,Lachnospiraceae
323,Eubacterium_rectale,cysM,372,68.13186813,50-75%,50-75%,Firmicutes,Clostridia,Lachnospiraceae
324,Eubacterium_rectale,lcd,34,46.2585034,NA,<50%,Firmicutes,Clostridia,Lachnospiraceae
325,Eubacterium_rectale,malY,547.2,103.0314442,>75%,>75%,Firmicutes,Clostridia,Lachnospiraceae
326,Eubacterium_rectale,metC,384.8,68.31173442,50-75%,50-75%,Firmicutes,Clostridia,Lachnospiraceae
327,Eubacterium-siraeum-DSM-15702-MAF-2,cysK,550.5,106.768813,>75%,>75%,Firmicutes,Clostridia,Oscillospiraceae
328,Eubacterium-siraeum-DSM-15702-MAF-2,cysM,377.7,69.17582418,50-75%,50-75%,Firmicutes,Clostridia,Oscillospiraceae
329,Eubacterium-siraeum-DSM-15702-MAF-2,lcd,25.7,34.96598639,NA,<50%,Firmicutes,Clostridia,Oscillospiraceae
330,Eubacterium-siraeum-DSM-15702-MAF-2,malY,204.9,38.58030503,<50%,<50%,Firmicutes,Clostridia,Oscillospiraceae
331,Eubacterium-siraeum-DSM-15702-MAF-2,metC,402.3,71.41842713,50-75%,50-75%,Firmicutes,Clostridia,Oscillospiraceae
332,Eubacterium-ventriosum-ATCC-27560-MAF-2,cysK,536.3,104.0147401,>75%,>75%,Firmicutes,Clostridia,Eubacteriaceae
333,Eubacterium-ventriosum-ATCC-27560-MAF-2,cysM,374.9,68.66300366,50-75%,50-75%,Firmicutes,Clostridia,Eubacteriaceae
334,Eubacterium-ventriosum-ATCC-27560-MAF-2,lcd,60.9,82.85714286,NA,>75%,Firmicutes,Clostridia,Eubacteriaceae
335,Eubacterium-ventriosum-ATCC-27560-MAF-2,malY,594.7,111.9751459,>75%,>75%,Firmicutes,Clostridia,Eubacteriaceae
336,Eubacterium-ventriosum-ATCC-27560-MAF-2,metC,403.8,71.68471507,50-75%,50-75%,Firmicutes,Clostridia,Eubacteriaceae
337,Faecalibacterium_prausnitzii,cysK,547.4,106.1675718,>75%,>75%,Firmicutes,Clostridia,Oscillospiraceae
338,Faecalibacterium_prausnitzii,cysM,372.8,68.27838828,50-75%,50-75%,Firmicutes,Clostridia,Oscillospiraceae
339,Faecalibacterium_prausnitzii,lcd,37.5,51.02040816,NA,50-75%,Firmicutes,Clostridia,Oscillospiraceae
340,Faecalibacterium_prausnitzii,malY,209.5,39.44643193,<50%,<50%,Firmicutes,Clostridia,Oscillospiraceae
341,Faecalibacterium_prausnitzii,metC,401.4,71.25865436,50-75%,50-75%,Firmicutes,Clostridia,Oscillospiraceae
342,Granulicatella-adiacens-ATCC-49175-MAF-2,cysK,488,94.64701319,>75%,>75%,Firmicutes,Bacilli,Carnobacteriaceae
343,Granulicatella-adiacens-ATCC-49175-MAF-2,cysM,368.8,67.54578755,50-75%,50-75%,Firmicutes,Bacilli,Carnobacteriaceae
344,Granulicatella-adiacens-ATCC-49175-MAF-2,lcd,60.2,81.9047619,NA,>75%,Firmicutes,Bacilli,Carnobacteriaceae
345,Granulicatella-adiacens-ATCC-49175-MAF-2,malY,449.8,84.69214837,>75%,>75%,Firmicutes,Bacilli,Carnobacteriaceae
346,Granulicatella-adiacens-ATCC-49175-MAF-2,metC,33.9,6.01810758,<50%,<50%,Firmicutes,Bacilli,Carnobacteriaceae
347,Intestinibacter-bartlettii-DSM-16795-MAF-2,cysK,516.4,100.155159,>75%,>75%,Firmicutes,Clostridia,Peptostreptococcaceae
348,Intestinibacter-bartlettii-DSM-16795-MAF-2,cysM,349.6,64.02930403,50-75%,50-75%,Firmicutes,Clostridia,Peptostreptococcaceae
349,Intestinibacter-bartlettii-DSM-16795-MAF-2,lcd,52.1,70.88435374,NA,50-75%,Firmicutes,Clostridia,Peptostreptococcaceae
350,Intestinibacter-bartlettii-DSM-16795-MAF-2,malY,213.6,40.21841461,<50%,<50%,Firmicutes,Clostridia,Peptostreptococcaceae
351,Intestinibacter-bartlettii-DSM-16795-MAF-2,metC,476.7,84.62630925,>75%,>75%,Firmicutes,Clostridia,Peptostreptococcaceae
352,Lachnospira-eligens-ATCC-27750-MAF-2,cysK,522.8,101.3964313,>75%,>75%,Firmicutes,Clostridia,Lachnospiraceae
353,Lachnospira-eligens-ATCC-27750-MAF-2,cysM,357.7,65.51282051,50-75%,50-75%,Firmicutes,Clostridia,Lachnospiraceae
354,Lachnospira-eligens-ATCC-27750-MAF-2,lcd,51.6,70.20408163,NA,50-75%,Firmicutes,Clostridia,Lachnospiraceae
355,Lachnospira-eligens-ATCC-27750-MAF-2,malY,530.4,99.86819808,>75%,>75%,Firmicutes,Clostridia,Lachnospiraceae
356,Lachnospira-eligens-ATCC-27750-MAF-2,metC,390.3,69.28812356,50-75%,50-75%,Firmicutes,Clostridia,Lachnospiraceae
357,Lactobacillus-ruminis-ATCC-25644-MAF-2,cysK,504.5,97.84716835,>75%,>75%,Firmicutes,Bacilli,Lactobacillaceae
358,Lactobacillus-ruminis-ATCC-25644-MAF-2,cysM,351.6,64.3956044,50-75%,50-75%,Firmicutes,Bacilli,Lactobacillaceae
359,Lactobacillus-ruminis-ATCC-25644-MAF-2,lcd,60.3,82.04081633,NA,>75%,Firmicutes,Bacilli,Lactobacillaceae
360,Lactobacillus-ruminis-ATCC-25644-MAF-2,malY,487.6,91.80945208,>75%,>75%,Firmicutes,Bacilli,Lactobacillaceae
361,Lactobacillus-ruminis-ATCC-25644-MAF-2,metC,403.1,71.56044736,50-75%,50-75%,Firmicutes,Bacilli,Lactobacillaceae
362,Lactococcus-lactis-IL1403-MAF-2,cysK,508.9,98.70054306,>75%,>75%,Firmicutes,Bacilli,Streptococcaceae
363,Lactococcus-lactis-IL1403-MAF-2,cysM,343.9,62.98534799,50-75%,50-75%,Firmicutes,Bacilli,Streptococcaceae
364,Lactococcus-lactis-IL1403-MAF-2,lcd,65.5,89.11564626,NA,>75%,Firmicutes,Bacilli,Streptococcaceae
365,Lactococcus-lactis-IL1403-MAF-2,malY,514.7,96.91206929,>75%,>75%,Firmicutes,Bacilli,Streptococcaceae
366,Lactococcus-lactis-IL1403-MAF-2,metC,557.2,98.91709569,>75%,>75%,Firmicutes,Bacilli,Streptococcaceae
367,Marvinbryantia-formatexigens-DSM-14469-MAF-2,cysK,535.6,103.878976,>75%,>75%,Firmicutes,Clostridia,Lachnospiraceae
368,Marvinbryantia-formatexigens-DSM-14469-MAF-2,cysM,366.7,67.16117216,50-75%,50-75%,Firmicutes,Clostridia,Lachnospiraceae
369,Marvinbryantia-formatexigens-DSM-14469-MAF-2,lcd,25.5,34.69387755,NA,<50%,Firmicutes,Clostridia,Lachnospiraceae
370,Marvinbryantia-formatexigens-DSM-14469-MAF-2,malY,574,108.0775748,>75%,>75%,Firmicutes,Clostridia,Lachnospiraceae
371,Marvinbryantia-formatexigens-DSM-14469-MAF-2,metC,371.1,65.87963785,50-75%,50-75%,Firmicutes,Clostridia,Lachnospiraceae
372,Megasphaera-elsdenii-14-14-MAF-2,cysK,506.3,98.19627618,>75%,>75%,Firmicutes,Negativicutes,Veillonellaceae
373,Megasphaera-elsdenii-14-14-MAF-2,cysM,347,63.55311355,50-75%,50-75%,Firmicutes,Negativicutes,Veillonellaceae
374,Megasphaera-elsdenii-14-14-MAF-2,lcd,65.2,88.70748299,NA,>75%,Firmicutes,Negativicutes,Veillonellaceae
375,Megasphaera-elsdenii-14-14-MAF-2,malY,486,91.50819055,>75%,>75%,Firmicutes,Negativicutes,Veillonellaceae
376,Megasphaera-elsdenii-14-14-MAF-2,metC,458.1,81.32433872,>75%,>75%,Firmicutes,Negativicutes,Veillonellaceae
377,Mitsuokella-multacida-DSM-20544-MAF-2,cysK,546.5,105.9930178,>75%,>75%,Firmicutes,Negativicutes,Selenomonodaceae
378,Mitsuokella-multacida-DSM-20544-MAF-2,cysM,357,65.38461538,50-75%,50-75%,Firmicutes,Negativicutes,Selenomonodaceae
379,Mitsuokella-multacida-DSM-20544-MAF-2,lcd,49.2,66.93877551,NA,50-75%,Firmicutes,Negativicutes,Selenomonodaceae
380,Mitsuokella-multacida-DSM-20544-MAF-2,malY,591.2,111.3161363,>75%,>75%,Firmicutes,Negativicutes,Selenomonodaceae
381,Mitsuokella-multacida-DSM-20544-MAF-2,metC,468.6,83.18835434,>75%,>75%,Firmicutes,Negativicutes,Selenomonodaceae
382,Parabacteroides-johnsonii-DSM-18315-MAF-2,cysK,551.8,107.0209465,>75%,>75%,Bacteroidetes,Bacteroidia,Tannerellaceae
383,Parabacteroides-johnsonii-DSM-18315-MAF-2,cysM,368.9,67.56410256,50-75%,50-75%,Bacteroidetes,Bacteroidia,Tannerellaceae
384,Parabacteroides-johnsonii-DSM-18315-MAF-2,lcd,93.2,126.8027211,NA,>75%,Bacteroidetes,Bacteroidia,Tannerellaceae
385,Parabacteroides-johnsonii-DSM-18315-MAF-2,malY,609.5,114.7618151,>75%,>75%,Bacteroidetes,Bacteroidia,Tannerellaceae
386,Parabacteroides-johnsonii-DSM-18315-MAF-2,metC,391.5,69.50115391,50-75%,50-75%,Bacteroidetes,Bacteroidia,Tannerellaceae
387,Parabacteroides-merdae-ATCC-43184-MAF-2,cysK,549.3,106.5360745,>75%,>75%,Bacteroidetes,Bacteroidia,Tannerellaceae
388,Parabacteroides-merdae-ATCC-43184-MAF-2,cysM,368.2,67.43589744,50-75%,50-75%,Bacteroidetes,Bacteroidia,Tannerellaceae
389,Parabacteroides-merdae-ATCC-43184-MAF-2,lcd,94.4,128.4353741,NA,>75%,Bacteroidetes,Bacteroidia,Tannerellaceae
390,Parabacteroides-merdae-ATCC-43184-MAF-2,malY,588.7,110.8454152,>75%,>75%,Bacteroidetes,Bacteroidia,Tannerellaceae
391,Parabacteroides-merdae-ATCC-43184-MAF-2,metC,396.1,70.31777028,50-75%,50-75%,Bacteroidetes,Bacteroidia,Tannerellaceae
392,Parabacteroides-sp-D13-MAF-2,cysK,546.7,106.0318076,>75%,>75%,Bacteroidetes,Bacteroidia,Tannerellaceae
393,Parabacteroides-sp-D13-MAF-2,cysM,358.7,65.6959707,50-75%,50-75%,Bacteroidetes,Bacteroidia,Tannerellaceae
394,Parabacteroides-sp-D13-MAF-2,lcd,96.5,131.292517,NA,>75%,Bacteroidetes,Bacteroidia,Tannerellaceae
395,Parabacteroides-sp-D13-MAF-2,malY,590.7,111.2219921,>75%,>75%,Bacteroidetes,Bacteroidia,Tannerellaceae
396,Parabacteroides-sp-D13-MAF-2,metC,389.2,69.09284573,50-75%,50-75%,Bacteroidetes,Bacteroidia,Tannerellaceae
397,Phocaeicola_vulgatus,cysK,535.2,103.8013964,>75%,>75%,Bacteroidetes,Bacteroidia,Bacteroidaceae
398,Phocaeicola_vulgatus,cysM,360.9,66.0989011,50-75%,50-75%,Bacteroidetes,Bacteroidia,Bacteroidaceae
399,Phocaeicola_vulgatus,lcd,102.5,139.4557823,NA,>75%,Bacteroidetes,Bacteroidia,Bacteroidaceae
400,Phocaeicola_vulgatus,malY,602.2,113.3873094,>75%,>75%,Bacteroidetes,Bacteroidia,Bacteroidaceae
401,Phocaeicola_vulgatus,metC,405.3,71.95100302,50-75%,50-75%,Bacteroidetes,Bacteroidia,Bacteroidaceae
402,Prevotella-buccalis-ATCC-35310-MAF-2,cysK,524.2,101.6679597,>75%,>75%,Bacteroidetes,Bacteroidia,Prevotellaceae
403,Prevotella-buccalis-ATCC-35310-MAF-2,cysM,358.2,65.6043956,50-75%,50-75%,Bacteroidetes,Bacteroidia,Prevotellaceae
404,Prevotella-buccalis-ATCC-35310-MAF-2,lcd,80.5,109.5238095,NA,>75%,Bacteroidetes,Bacteroidia,Prevotellaceae
405,Prevotella-buccalis-ATCC-35310-MAF-2,malY,590.4,111.1655056,>75%,>75%,Bacteroidetes,Bacteroidia,Prevotellaceae
406,Prevotella-buccalis-ATCC-35310-MAF-2,metC,357.7,63.50079886,50-75%,50-75%,Bacteroidetes,Bacteroidia,Prevotellaceae
407,Prevotella-copri-DSM-18205-MAF-2,cysK,528.8,102.5601241,>75%,>75%,Bacteroidetes,Bacteroidia,Prevotellaceae
408,Prevotella-copri-DSM-18205-MAF-2,cysM,361.9,66.28205128,50-75%,50-75%,Bacteroidetes,Bacteroidia,Prevotellaceae
409,Prevotella-copri-DSM-18205-MAF-2,lcd,82.8,112.6530612,NA,>75%,Bacteroidetes,Bacteroidia,Prevotellaceae
410,Prevotella-copri-DSM-18205-MAF-2,malY,590.6,111.2031632,>75%,>75%,Bacteroidetes,Bacteroidia,Prevotellaceae
411,Prevotella-copri-DSM-18205-MAF-2,metC,401.7,71.31191195,50-75%,50-75%,Bacteroidetes,Bacteroidia,Prevotellaceae
412,Roseburia-intestinalis-L1-82-MAF-2,cysK,543.1,105.3335919,>75%,>75%,Firmicutes,Clostridia,Lachnospiraceae
413,Roseburia-intestinalis-L1-82-MAF-2,cysM,369.8,67.72893773,50-75%,50-75%,Firmicutes,Clostridia,Lachnospiraceae
414,Roseburia-intestinalis-L1-82-MAF-2,lcd,67.2,91.42857143,NA,>75%,Firmicutes,Clostridia,Lachnospiraceae
415,Roseburia-intestinalis-L1-82-MAF-2,malY,593.2,111.6927132,>75%,>75%,Firmicutes,Clostridia,Lachnospiraceae
416,Roseburia-intestinalis-L1-82-MAF-2,metC,473.6,84.07598083,>75%,>75%,Firmicutes,Clostridia,Lachnospiraceae
417,Ruminococcus_bromii,cysK,523.6,101.5515904,>75%,>75%,Firmicutes,Clostridia,Oscillospiraceae
418,Ruminococcus_bromii,cysM,367.6,67.32600733,50-75%,50-75%,Firmicutes,Clostridia,Oscillospiraceae
419,Ruminococcus_bromii,lcd,61.6,83.80952381,NA,>75%,Firmicutes,Clostridia,Oscillospiraceae
420,Ruminococcus_bromii,malY,205,38.59913387,<50%,<50%,Firmicutes,Clostridia,Oscillospiraceae
421,Ruminococcus_bromii,metC,390.4,69.30587609,50-75%,50-75%,Firmicutes,Clostridia,Oscillospiraceae
422,Ruminococcus-gauvreauii-DSM-19829-MAF-2,cysK,520.2,100.8921645,>75%,>75%,Firmicutes,Clostridia,Oscillospiraceae
423,Ruminococcus-gauvreauii-DSM-19829-MAF-2,cysM,370.2,67.8021978,50-75%,50-75%,Firmicutes,Clostridia,Oscillospiraceae
424,Ruminococcus-gauvreauii-DSM-19829-MAF-2,lcd,39.1,53.19727891,NA,50-75%,Firmicutes,Clostridia,Oscillospiraceae
425,Ruminococcus-gauvreauii-DSM-19829-MAF-2,malY,563.3,106.0628883,>75%,>75%,Firmicutes,Clostridia,Oscillospiraceae
426,Ruminococcus-gauvreauii-DSM-19829-MAF-2,metC,431.5,76.60216581,>75%,>75%,Firmicutes,Clostridia,Oscillospiraceae
427,Ruminococcus-lactaris-ATCC-29176-MAF-2,cysK,531.4,103.064391,>75%,>75%,Firmicutes,Clostridia,Oscillospiraceae
428,Ruminococcus-lactaris-ATCC-29176-MAF-2,cysM,355.7,65.14652015,50-75%,50-75%,Firmicutes,Clostridia,Oscillospiraceae
429,Ruminococcus-lactaris-ATCC-29176-MAF-2,lcd,34.2,46.53061224,NA,<50%,Firmicutes,Clostridia,Oscillospiraceae
430,Ruminococcus-lactaris-ATCC-29176-MAF-2,malY,568,106.9478441,>75%,>75%,Firmicutes,Clostridia,Oscillospiraceae
431,Ruminococcus-lactaris-ATCC-29176-MAF-2,metC,476,84.50204154,>75%,>75%,Firmicutes,Clostridia,Oscillospiraceae
432,Ruminococcus-torques-ATCC-27756-MAF-2,cysK,529.5,102.6958883,>75%,>75%,Firmicutes,Clostridia,Oscillospiraceae
433,Ruminococcus-torques-ATCC-27756-MAF-2,cysM,377.6,69.15750916,50-75%,50-75%,Firmicutes,Clostridia,Oscillospiraceae
434,Ruminococcus-torques-ATCC-27756-MAF-2,lcd,44,59.86394558,NA,50-75%,Firmicutes,Clostridia,Oscillospiraceae
435,Ruminococcus-torques-ATCC-27756-MAF-2,malY,193.4,36.41498776,<50%,<50%,Firmicutes,Clostridia,Oscillospiraceae
436,Ruminococcus-torques-ATCC-27756-MAF-2,metC,383.5,68.08095154,50-75%,50-75%,Firmicutes,Clostridia,Oscillospiraceae
437,Streptococcus-thermophilus-LMD-9-MAF-2,cysK,509.7,98.85570209,>75%,>75%,Firmicutes,Bacilli,Streptococcaceae
438,Streptococcus-thermophilus-LMD-9-MAF-2,cysM,354.8,64.98168498,50-75%,50-75%,Firmicutes,Bacilli,Streptococcaceae
439,Streptococcus-thermophilus-LMD-9-MAF-2,lcd,61.5,83.67346939,NA,>75%,Firmicutes,Bacilli,Streptococcaceae
440,Streptococcus-thermophilus-LMD-9-MAF-2,malY,523,98.47486349,>75%,>75%,Firmicutes,Bacilli,Streptococcaceae
441,Streptococcus-thermophilus-LMD-9-MAF-2,metC,396.4,70.37102787,50-75%,50-75%,Firmicutes,Bacilli,Streptococcaceae
442,Subdoligranulum-variabile-DSM-15176-MAF-2,cysK,533.7,103.5104732,>75%,>75%,Firmicutes,Clostridia,Oscillospiraceae
443,Subdoligranulum-variabile-DSM-15176-MAF-2,cysM,374.4,68.57142857,50-75%,50-75%,Firmicutes,Clostridia,Oscillospiraceae
444,Subdoligranulum-variabile-DSM-15176-MAF-2,lcd,24.8,33.7414966,NA,<50%,Firmicutes,Clostridia,Oscillospiraceae
445,Subdoligranulum-variabile-DSM-15176-MAF-2,malY,431,81.15232536,>75%,>75%,Firmicutes,Clostridia,Oscillospiraceae
446,Subdoligranulum-variabile-DSM-15176-MAF-2,metC,363.2,64.477188,50-75%,50-75%,Firmicutes,Clostridia,Oscillospiraceae
447,Tyzzerella-nexilis-DSM-1787-MAF-2,cysK,514.6,99.8060512,>75%,>75%,Firmicutes,Clostridia,Lachnospiraceae
448,Tyzzerella-nexilis-DSM-1787-MAF-2,cysM,362.8,66.44688645,50-75%,50-75%,Firmicutes,Clostridia,Lachnospiraceae
449,Tyzzerella-nexilis-DSM-1787-MAF-2,lcd,33.2,45.17006803,NA,<50%,Firmicutes,Clostridia,Lachnospiraceae
450,Tyzzerella-nexilis-DSM-1787-MAF-2,malY,494.5,93.10864244,>75%,>75%,Firmicutes,Clostridia,Lachnospiraceae
451,Tyzzerella-nexilis-DSM-1787-MAF-2,metC,393.9,69.92721463,50-75%,50-75%,Firmicutes,Clostridia,Lachnospiraceae
452,Tyzzerella-nexilis-DSM-1787-MAF-2,tnaA,14.9,1.595972579,<50%,<50%,Firmicutes,Clostridia,Lachnospiraceae
453,Veillonella-sp-3-1-44-MAF-2,cysK,518.3,100.5236618,>75%,>75%,Firmicutes,Negativicutes,Veillonellaceae
454,Veillonella-sp-3-1-44-MAF-2,cysM,352.4,64.54212454,50-75%,50-75%,Firmicutes,Negativicutes,Veillonellaceae
455,Veillonella-sp-3-1-44-MAF-2,lcd,70,95.23809524,NA,>75%,Firmicutes,Negativicutes,Veillonellaceae
456,Veillonella-sp-3-1-44-MAF-2,malY,570,107.324421,>75%,>75%,Firmicutes,Negativicutes,Veillonellaceae
457,Veillonella-sp-3-1-44-MAF-2,metC,525.3,93.2540387,>75%,>75%,Firmicutes,Negativicutes,Veillonellaceae
458,Veillonella-sp-6-1-27-MAF-2,cysK,518.3,100.5236618,>75%,>75%,Firmicutes,Negativicutes,Veillonellaceae
459,Veillonella-sp-6-1-27-MAF-2,cysM,352.4,64.54212454,50-75%,50-75%,Firmicutes,Negativicutes,Veillonellaceae
460,Veillonella-sp-6-1-27-MAF-2,lcd,70.4,95.78231293,NA,>75%,Firmicutes,Negativicutes,Veillonellaceae
461,Veillonella-sp-6-1-27-MAF-2,malY,565.8,106.5336095,>75%,>75%,Firmicutes,Negativicutes,Veillonellaceae
462,Veillonella-sp-6-1-27-MAF-2,metC,525.3,93.2540387,>75%,>75%,Firmicutes,Negativicutes,Veillonellaceae