"","species","strain","hit_score.malYcustom","hit_score.cysKcustom","hit_score.metCcustom","hit_score.tnaA","hit_score.cysMcustom","hit_score.lcdcustom","cysteine_expected","hit_score.methylmalonyl-CoA-decarboxylaseAlpha-KOK01604","hit_score.methylmalonyl-CoA-decarboxylaseBeta-KOK20509","hit_score.methylmalonyl-CoA-decarboxylaseDelta-KOK23352","hit_score.methylmalonyl-CoA-decarboxylaseGamma-KOK23351","hit_score.methylmalonyl-CoA-carboxyltransferase1-3S-KOK17490","hit_score.methylmalonyl-CoA-carboxyltransferase12S-KOK17489","hit_score.methylmalonyl-CoA-carboxyltransferase5S-KOK03416","hit_score.methylmalonyl-CoA-epimerase-EC5-1-99-1","hit_score.methylmalonyl-CoA-mutase-EC5-4-99-2","pathway","hit_score.acrC","hit_score.lcdC","hit_score.pct","hit_score.lcdA","hit_score.lcdB","hit_score.pduP","hit_score.Roseburia-inulivorans-pduCDE","hit_score.pduW","hit_score.fucO","hit_score.pduL","hit_score.pduC","hit_score.pduD","hit_score.pduE","propionate_expected"
"1","Acidaminococcus fermentans","Acidaminococcus_fermentans",563.7,509,496.6,NA,NA,NA,"yes",NA,NA,NA,NA,NA,NA,NA,NA,NA,NA,NA,NA,NA,NA,NA,NA,NA,NA,NA,NA,NA,NA,NA,NA
"2","Acidaminococcus intestini","Acidaminococcus-intestini-D21-MAF-2",546.3,NA,NA,NA,NA,NA,"yes",NA,NA,NA,NA,NA,NA,NA,NA,NA,NA,NA,NA,NA,NA,NA,NA,NA,NA,NA,NA,NA,NA,NA,NA
"3","Acidipropionibacterium acidipropionici","Acidipropionibacterium_acidipropionici_F3E8",NA,NA,NA,NA,NA,NA,NA,787.8,527.3,NA,124.4,171.9,906.7,1023.7,182,768.3,"Wood-Werkman Cycle",NA,NA,NA,NA,NA,NA,NA,NA,NA,NA,NA,NA,NA,"yes"
"4","Acidipropionibacterium acidipropionici","Acidipropionibacterium_acidipropionici_FAM_19036",NA,NA,NA,NA,NA,NA,NA,787.8,526.1,NA,129.6,171.9,906.7,1023.7,182,769.1,"Wood-Werkman Cycle",NA,NA,NA,NA,NA,NA,NA,NA,NA,NA,NA,NA,NA,"yes"
"5","Acidipropionibacterium acidipropionici","Acidipropionibacterium_acidipropionici_strain_WGS7",NA,NA,NA,NA,NA,NA,NA,787.8,527.3,NA,124.4,171.9,906.7,1023.7,182,768.3,"Wood-Werkman Cycle",NA,NA,NA,NA,NA,NA,NA,NA,NA,NA,NA,NA,NA,"yes"
"6","Acidipropionibacterium acidipropionici","Acidipropionibacterium_acidipropionici_WSH1105",NA,NA,NA,NA,NA,NA,NA,787.8,527.9,NA,130,171.9,906.7,1023.7,182,769.1,"Wood-Werkman Cycle",NA,NA,NA,NA,NA,NA,NA,NA,NA,NA,NA,NA,NA,"yes"
"7","Actinobacillus capsulatus","Actinobacillus_capsulatus",469.1,485,560.8,NA,NA,NA,"yes",NA,NA,NA,NA,NA,NA,NA,NA,NA,NA,NA,NA,NA,NA,NA,NA,NA,NA,NA,NA,NA,NA,NA,NA
"8","Actinomyces neuii","Actinomyces_neuii",NA,522.2,514.4,NA,NA,NA,"yes",NA,NA,NA,NA,NA,NA,NA,NA,NA,NA,NA,NA,NA,NA,NA,NA,NA,NA,NA,NA,NA,NA,NA,NA
"9","Adlercreutzia equolifaciens","Adlercreutzia_equolifaciens",NA,522,NA,NA,NA,NA,"yes",NA,NA,NA,NA,NA,NA,NA,NA,NA,NA,NA,NA,NA,NA,NA,NA,NA,NA,NA,NA,NA,NA,NA,NA
"10","Aggregatibacter actinomycetemcomitans","Aggregatibacter_actinomycetemcomitans",478,480.8,549,771.1,NA,NA,"yes",NA,NA,NA,NA,NA,NA,NA,NA,NA,NA,NA,NA,NA,NA,NA,NA,NA,NA,NA,NA,NA,NA,NA,NA
"11","Akkermansia muciniphila","Akkermansia_muciniphila",598.4,540.5,NA,NA,NA,NA,"yes",NA,NA,NA,NA,NA,NA,NA,NA,NA,NA,NA,NA,NA,NA,NA,NA,NA,NA,NA,NA,NA,NA,NA,NA
"12","Aliagarivorans marinus","Aliagarivorans_marinus",NA,510.4,594.3,NA,NA,NA,"yes",NA,NA,NA,NA,NA,NA,NA,NA,NA,NA,NA,NA,NA,NA,NA,NA,NA,NA,NA,NA,NA,NA,NA,NA
"13","Alistipes finegoldii","Alistipes_finegoldii",570.2,NA,NA,845.8,416.3,NA,"yes",915,583.6,90.4,172.6,NA,NA,NA,240.3,823.5,"sodium-pumping decarboxylase",NA,NA,NA,NA,NA,NA,NA,NA,NA,NA,NA,NA,NA,"yes"
"14","Alistipes ihumii","Alistipes-ihumii-AP11-MAF-2",589.4,536.6,NA,NA,NA,NA,"yes",NA,NA,NA,NA,NA,NA,NA,NA,NA,NA,NA,NA,NA,NA,NA,NA,NA,NA,NA,NA,NA,NA,NA,NA
"15","Alistipes indistinctus","Alistipes-indistinctus-YIT-12060-MAF-2",565.1,538.4,NA,NA,NA,NA,"yes",926.3,588.8,100.9,185.6,NA,NA,NA,230,824.6,"sodium-pumping decarboxylase",NA,NA,NA,NA,NA,NA,NA,NA,NA,NA,NA,NA,NA,"yes"
"16","Alistipes onderdonkii","Alistipes-onderdonkii-DSM-19147-MAF-2",604.1,NA,NA,847.2,431.4,NA,"yes",917.1,579.8,99.2,166.4,NA,NA,NA,239.1,823.9,"sodium-pumping decarboxylase",NA,NA,NA,NA,NA,NA,NA,NA,NA,NA,NA,NA,NA,"yes"
"17","Alistipes putredinis","Alistipes-putredinis-DSM-17216-MAF-2",NA,NA,NA,841.3,NA,NA,"yes",920.6,589,82.8,167.2,NA,NA,NA,238.2,813.2,"sodium-pumping decarboxylase",NA,NA,NA,NA,NA,NA,NA,NA,NA,NA,NA,NA,NA,"yes"
"18","Alistipes senegalensis","Alistipes-senegalensis-JC50-MAF-2",587.3,525.4,NA,NA,NA,NA,"yes",914.2,590.3,83.4,163.6,NA,NA,NA,240.6,824.6,"sodium-pumping decarboxylase",NA,NA,NA,NA,NA,NA,NA,NA,NA,NA,NA,NA,NA,"yes"
"19","Alistipes shahii","Alistipes-shahii-WAL-8301-MAF-2",569.3,NA,NA,843.7,433.8,NA,"yes",914.6,589.8,86.5,170.6,NA,NA,NA,239.8,817.5,"sodium-pumping decarboxylase",NA,NA,NA,NA,NA,NA,NA,NA,NA,NA,NA,NA,NA,"yes"
"20","Anaerobutyricum hallii","Anaerobutyricum_hallii",NA,531.9,NA,NA,NA,NA,"yes",NA,NA,NA,NA,NA,NA,NA,NA,NA,NA,NA,NA,NA,NA,NA,NA,NA,NA,NA,NA,NA,NA,NA,NA
"21","Anaerococcus prevotii","Anaerococcus_prevotii",NA,477.2,NA,NA,NA,NA,"yes",NA,NA,NA,NA,NA,NA,NA,NA,NA,NA,NA,NA,NA,NA,NA,NA,NA,NA,NA,NA,NA,NA,NA,NA
"22","Anaerostipes caccae","Anaerostipes-caccae-DSM-14662-MAF-2",NA,555.8,NA,NA,NA,NA,"yes",NA,NA,NA,NA,NA,NA,NA,NA,NA,NA,NA,NA,NA,NA,NA,NA,NA,NA,NA,NA,NA,NA,NA,NA
"23","Anaerostipes hadrus","Anaerostipes_hadrus",545.4,525,483.4,NA,NA,NA,"yes",NA,NA,NA,NA,NA,NA,NA,NA,NA,NA,NA,NA,NA,NA,NA,NA,NA,NA,NA,NA,NA,NA,NA,NA
"24","Anaerotignum propionicum","Anaerotignum_propionicum_DSM_1682_strain_X2",NA,NA,NA,NA,NA,NA,NA,NA,NA,NA,NA,NA,NA,NA,NA,NA,"acrylate pathway",891.5,398.7,867.7,812.5,683.5,NA,NA,NA,NA,NA,NA,NA,NA,"yes"
"25","Anaerotruncus colihominis","Anaerotruncus-colihominis-DSM-17241-MAF-2",527.9,553.3,NA,770.3,NA,NA,"yes",NA,NA,NA,NA,NA,NA,NA,NA,NA,NA,NA,NA,NA,NA,NA,NA,NA,NA,NA,NA,NA,NA,NA,NA
"26","Bacillus subtilis","Bacillus_subtilis",605.5,552,567.7,NA,NA,NA,"yes",NA,NA,NA,NA,NA,NA,NA,NA,NA,NA,NA,NA,NA,NA,NA,NA,NA,NA,NA,NA,NA,NA,NA,NA
"27","Bacteroides acidifaciens","Bacteroides_acidifaciens",576.9,538.3,NA,856.5,NA,NA,"yes",936.5,616.1,86.3,201.9,NA,NA,NA,240.1,858.8,"sodium-pumping decarboxylase",NA,NA,NA,NA,NA,NA,NA,NA,NA,NA,NA,NA,NA,"yes"
"28","Bacteroides caccae","Bacteroides-caccae-ATCC-43185-MAF-2",593.3,542.8,NA,NA,NA,NA,"yes",937.7,617.7,88,203.2,NA,NA,NA,241.4,857.9,"sodium-pumping decarboxylase",NA,NA,NA,NA,NA,NA,NA,NA,NA,NA,NA,NA,NA,"yes"
"29","Bacteroides cellulosilyticus","Bacteroides-cellulosilyticus-DSM-14838-MAF-2",616.7,543.3,NA,853.2,NA,NA,"yes",934.7,614.4,88.9,201.5,NA,NA,NA,244.7,859.5,"sodium-pumping decarboxylase",NA,NA,NA,NA,NA,NA,NA,NA,NA,NA,NA,NA,NA,"yes"
"30","Bacteroides clarus","Bacteroides_clarus",590.5,553.4,NA,854.8,NA,90.6,"yes",936.4,609.7,87.9,199.9,NA,NA,NA,241.2,860,"sodium-pumping decarboxylase",NA,NA,NA,NA,NA,NA,NA,NA,NA,NA,NA,NA,NA,"yes"
"31","Bacteroides coprophilus","Bacteroides-coprophilus-DSM-18228-MAF-2",572.5,526.9,NA,NA,NA,98,"yes",941.3,616.6,91.7,194.8,NA,NA,NA,240.3,859,"sodium-pumping decarboxylase",NA,NA,NA,NA,NA,NA,NA,NA,NA,NA,NA,NA,NA,"yes"
"32","Bacteroides dorei","Bacteroides-dorei-5-1-36-D4-MAF-2",601.2,534.4,NA,NA,NA,93.5,"yes",942.3,612.8,90.2,199.3,NA,NA,NA,238.7,865,"sodium-pumping decarboxylase",NA,NA,NA,NA,NA,NA,NA,NA,NA,NA,NA,NA,NA,"yes"
"33","Bacteroides dorei","Bacteroides-dorei-DSM-17855-MAF-2",600.4,534.8,NA,NA,NA,98.1,"yes",942.3,613,90.2,199.4,NA,NA,NA,238.7,867.6,"sodium-pumping decarboxylase",NA,NA,NA,NA,NA,NA,NA,NA,NA,NA,NA,NA,NA,"yes"
"34","Bacteroides eggerthii","Bacteroides-eggerthii-DSM-20697-MAF-2",570.4,544.2,NA,851.7,NA,96.2,"yes",938.3,612.7,90.8,198.2,NA,NA,NA,237.8,859.9,"sodium-pumping decarboxylase",NA,NA,NA,NA,NA,NA,NA,NA,NA,NA,NA,NA,NA,"yes"
"35","Bacteroides faecis","Bacteroides_faecis",594.7,546.2,NA,854.2,NA,NA,"yes",937.5,617.5,90.7,203,NA,NA,NA,241.5,862.9,"sodium-pumping decarboxylase",NA,NA,NA,NA,NA,NA,NA,NA,NA,NA,NA,NA,NA,"yes"
"36","Bacteroides finegoldii","Bacteroides-finegoldii-DSM-17565-MAF-2",568.8,539.5,NA,NA,NA,NA,"yes",938.6,615.1,87.8,199.4,NA,NA,NA,241.4,857.8,"sodium-pumping decarboxylase",NA,NA,NA,NA,NA,NA,NA,NA,NA,NA,NA,NA,NA,"yes"
"37","Bacteroides fragilis","Bacteroides_fragilis",573.5,539.9,NA,NA,NA,95.6,"yes",934.8,612.9,98.1,200.7,NA,NA,NA,239.1,860.1,"sodium-pumping decarboxylase",NA,NA,NA,NA,NA,NA,NA,NA,NA,NA,NA,NA,NA,"yes"
"38","Bacteroides fragilis","Bacteroides-fragilis-2-1-16-MAF-2",573.5,539.9,NA,NA,NA,95.6,"yes",934.8,612.9,98.1,200.7,NA,NA,NA,239.1,860.1,"sodium-pumping decarboxylase",NA,NA,NA,NA,NA,NA,NA,NA,NA,NA,NA,NA,NA,"yes"
"39","Bacteroides fragilis","Bacteroides-fragilis-3-1-12-MAF-2",595.6,540.1,NA,NA,NA,95.4,"yes",934.8,612.8,98.9,198.7,NA,NA,NA,241.8,858.6,"sodium-pumping decarboxylase",NA,NA,NA,NA,NA,NA,NA,NA,NA,NA,NA,NA,NA,"yes"
"40","Bacteroides gallinarum","Bacteroides_gallinarum",569.6,539.9,NA,856.2,NA,100.6,"yes",934.4,609.9,88.6,197.5,NA,NA,NA,239.2,859.6,"sodium-pumping decarboxylase",NA,NA,NA,NA,NA,NA,NA,NA,NA,NA,NA,NA,NA,"yes"
"41","Bacteroides intestinalis","Bacteroides-intestinalis-DSM-17393-MAF-2",601.3,535.1,NA,851.6,NA,NA,"yes",934.9,613.1,92.8,200.8,NA,NA,NA,244.7,861.1,"sodium-pumping decarboxylase",NA,NA,NA,NA,NA,NA,NA,NA,NA,NA,NA,NA,NA,"yes"
"42","Bacteroides nordii","Bacteroides_nordii",596.4,545.3,NA,851.8,NA,88.2,"yes",939.5,616.4,99,196,NA,NA,NA,241.4,853.2,"sodium-pumping decarboxylase",NA,NA,NA,NA,NA,NA,NA,NA,NA,NA,NA,NA,NA,"yes"
"43","Bacteroides ovatus","Bacteroides_ovatus",NA,NA,NA,NA,NA,NA,NA,936.5,616.4,86,202.5,NA,NA,NA,241.4,857.4,"sodium-pumping decarboxylase",NA,NA,NA,NA,NA,NA,NA,NA,NA,NA,NA,NA,NA,"yes"
"44","Bacteroides ovatus","Bacteroides-ovatus-ATCC-8483-MAF-2",594.4,543,NA,851.9,NA,87.6,"yes",936.5,616.4,86,202.5,NA,NA,NA,241.4,857.4,"sodium-pumping decarboxylase",NA,NA,NA,NA,NA,NA,NA,NA,NA,NA,NA,NA,NA,"yes"
"45","Bacteroides pectinophilus","Bacteroides-pectinophilus-ATCC-43243-MAF-2",NA,533.8,NA,NA,NA,NA,"yes",NA,NA,NA,NA,NA,NA,NA,NA,NA,NA,NA,NA,NA,NA,NA,NA,NA,NA,NA,NA,NA,NA,NA,NA
"46","Bacteroides plebeius","Bacteroides-plebeius-DSM-17135-MAF-2",601.2,535.4,NA,NA,NA,104.2,"yes",940.6,614.7,93.1,193.4,NA,NA,NA,237,859.7,"sodium-pumping decarboxylase",NA,NA,NA,NA,NA,NA,NA,NA,NA,NA,NA,NA,NA,"yes"
"47","Bacteroides rodentium","Bacteroides-rodentium-JCM-16496-MAF-2",591.5,558.2,NA,860.4,NA,97.6,"yes",939.1,611.2,91.3,199.4,NA,NA,NA,246,856.7,"sodium-pumping decarboxylase",NA,NA,NA,NA,NA,NA,NA,NA,NA,NA,NA,NA,NA,"yes"
"48","Bacteroides salanitronis","Bacteroides_salanitronis",586.3,528,NA,NA,NA,104.1,"yes",942.9,615.9,91.5,194.5,NA,NA,NA,236.2,852.3,"sodium-pumping decarboxylase",NA,NA,NA,NA,NA,NA,NA,NA,NA,NA,NA,NA,NA,"yes"
"49","Bacteroides salyersiae","Bacteroides_salyersiae",596.6,549,NA,853.5,NA,NA,"yes",938,615.7,95.6,194,NA,NA,NA,241.4,864.2,"sodium-pumping decarboxylase",NA,NA,NA,NA,NA,NA,NA,NA,NA,NA,NA,NA,NA,"yes"
"50","Bacteroides species","Bacteroides-sp-3-1-19-MAF-2",590.7,545.7,NA,NA,NA,96.5,"yes",941.3,610.3,97.8,194.6,NA,NA,NA,244,844.9,"sodium-pumping decarboxylase",NA,NA,NA,NA,NA,NA,NA,NA,NA,NA,NA,NA,NA,"yes"
"51","Bacteroides species","Bacteroides-sp-9-1-42FAA-MAF-2",603.7,534.4,NA,NA,NA,93.8,"yes",941.2,613,90.2,199.3,NA,NA,NA,238.7,865,"sodium-pumping decarboxylase",NA,NA,NA,NA,NA,NA,NA,NA,NA,NA,NA,NA,NA,"yes"
"52","Bacteroides species","Bacteroides-sp-D2-MAF-2",573.2,542.9,NA,850.8,NA,NA,"yes",933.7,611.4,87,201.2,NA,NA,NA,240,856.2,"sodium-pumping decarboxylase",NA,NA,NA,NA,NA,NA,NA,NA,NA,NA,NA,NA,NA,"yes"
"53","Bacteroides stercoris","Bacteroides-stercoris-ATCC-43183-MAF-2",578.3,545.5,NA,855.8,NA,92.4,"yes",938.8,609.9,87.6,199.8,NA,NA,NA,239.7,860.7,"sodium-pumping decarboxylase",NA,NA,NA,NA,NA,NA,NA,NA,NA,NA,NA,NA,NA,"yes"
"54","Bacteroides thetaiotaomicron","Bacteroides_thetaiotaomicron",600.4,546.8,NA,854.5,NA,NA,"yes",936.6,612.7,89.3,203.5,NA,NA,NA,241.4,860,"sodium-pumping decarboxylase",NA,NA,NA,NA,NA,NA,NA,NA,NA,NA,NA,NA,NA,"yes"
"55","Bacteroides thetaiotaomicron","Bacteroides-thetaiotaomicron-1-1-6-MAF-2",600.4,546.2,NA,855.4,NA,NA,"yes",936.6,613.1,89.3,203.7,NA,NA,NA,241.4,857.6,"sodium-pumping decarboxylase",NA,NA,NA,NA,NA,NA,NA,NA,NA,NA,NA,NA,NA,"yes"
"56","Bacteroides thetaiotaomicron","Bacteroides-thetaiotaomicron-VPI-5482-MAF-2",600.4,546.8,NA,854.5,NA,NA,"yes",936.6,612.7,89.3,203.5,NA,NA,NA,241.4,860,"sodium-pumping decarboxylase",NA,NA,NA,NA,NA,NA,NA,NA,NA,NA,NA,NA,NA,"yes"
"57","Bacteroides uniformis","Bacteroides-uniformis-ATCC-8492-MAF-2",593.7,555.4,NA,857.2,NA,99.4,"yes",938.5,610.8,90.6,200.2,NA,NA,NA,246.4,857.8,"sodium-pumping decarboxylase",NA,NA,NA,NA,NA,NA,NA,NA,NA,NA,NA,NA,NA,"yes"
"58","Bacteroides xylanisolvens","Bacteroides-xylanisolvens-SD-CC-1b-MAF-2",589.3,543.8,NA,853.6,NA,NA,"yes",936.5,616.4,86.1,202.5,NA,NA,NA,241.4,858.4,"sodium-pumping decarboxylase",NA,NA,NA,NA,NA,NA,NA,NA,NA,NA,NA,NA,NA,"yes"
"59","Barnesiella intestinihominis","Barnesiella_intestinihominis",561.2,533.9,NA,NA,NA,90.9,"yes",938.9,605.3,86.7,181,NA,NA,NA,248.3,843.9,"sodium-pumping decarboxylase",NA,NA,NA,NA,NA,NA,NA,NA,NA,NA,NA,NA,NA,"yes"
"60","Bavariicoccus seileri","Bavariicoccus_seileri",529.9,NA,512.4,NA,NA,NA,"yes",NA,NA,NA,NA,NA,NA,NA,NA,NA,NA,NA,NA,NA,NA,NA,NA,NA,NA,NA,NA,NA,NA,NA,NA
"61","Bifidobacterium adolescentis","Bifidobacterium_adolescentis",528.7,NA,486.9,NA,NA,NA,"yes",NA,NA,NA,NA,NA,NA,NA,NA,NA,NA,NA,NA,NA,NA,NA,NA,NA,NA,NA,NA,NA,NA,NA,NA
"62","Bifidobacterium adolescentis","Bifidobacterium-adolescentis-L2-32-MAF-2",528.8,NA,486.9,NA,NA,NA,"yes",NA,NA,NA,NA,NA,NA,NA,NA,NA,NA,NA,NA,NA,NA,NA,NA,NA,NA,NA,NA,NA,NA,NA,NA
"63","Bifidobacterium animalis","Bifidobacterium_animalis",516.1,NA,482.9,NA,NA,NA,"yes",NA,NA,NA,NA,NA,NA,NA,NA,NA,NA,NA,NA,NA,NA,NA,NA,NA,NA,NA,NA,NA,NA,NA,NA
"64","Bifidobacterium bifidum","Bifidobacterium_bifidum",529.6,NA,484.4,NA,NA,NA,"yes",NA,NA,NA,NA,NA,NA,NA,NA,NA,NA,NA,NA,NA,NA,NA,NA,NA,NA,NA,NA,NA,NA,NA,NA
"65","Bifidobacterium breve","Bifidobacterium_breve",530.2,NA,489.1,NA,NA,95.2,"yes",NA,NA,NA,NA,NA,NA,NA,NA,NA,NA,NA,NA,NA,NA,NA,NA,NA,NA,NA,NA,NA,NA,NA,NA
"66","Bifidobacterium longum","Bifidobacterium_longum",NA,NA,483.6,NA,NA,NA,"yes",NA,NA,NA,NA,NA,NA,NA,NA,NA,NA,NA,NA,NA,NA,NA,NA,NA,NA,NA,NA,NA,NA,NA,NA
"67","Bifidobacterium pseudocatenulatum","Bifidobacterium_pseudocatenulatum",530.6,427.7,493,NA,NA,NA,"yes",NA,NA,NA,NA,NA,NA,NA,NA,NA,NA,NA,NA,NA,NA,NA,NA,NA,NA,NA,NA,NA,NA,NA,NA
"68","Bilophila wadsworthia","Bilophila_wadsworthia",NA,485,NA,NA,NA,NA,"yes",NA,NA,NA,NA,NA,NA,NA,NA,NA,NA,NA,NA,NA,NA,NA,NA,NA,NA,NA,NA,NA,NA,NA,NA
"69","Blautia hansenii","Blautia-hansenii-DSM-20583-MAF-2",505.8,520.4,NA,NA,NA,NA,"yes",NA,NA,NA,NA,NA,NA,NA,NA,NA,NA,NA,NA,NA,NA,NA,NA,NA,NA,NA,NA,NA,NA,NA,NA
"70","Blautia hydrogenotrophica","Blautia-hydrogenotrophica-DSM-10507-MAF-2",NA,525.5,NA,NA,NA,NA,"yes",NA,NA,NA,NA,NA,NA,NA,NA,NA,NA,NA,NA,NA,NA,NA,NA,NA,NA,NA,NA,NA,NA,NA,NA
"71","Blautia luti","Blautia_luti",NA,539,NA,NA,NA,NA,"yes",NA,NA,NA,NA,NA,NA,NA,NA,NA,NA,NA,NA,NA,NA,NA,NA,NA,NA,NA,NA,NA,NA,NA,NA
"72","Blautia obeum","Blautia-obeum-ATCC-29174-MAF-2",NA,543.3,NA,NA,NA,NA,"yes",NA,NA,NA,NA,NA,NA,NA,NA,NA,NA,NA,NA,NA,NA,NA,NA,NA,NA,NA,NA,NA,NA,NA,NA
"73","Blautia producta","Blautia_producta",563.3,535.1,NA,NA,NA,NA,"yes",NA,NA,NA,NA,NA,NA,NA,NA,NA,NA,NA,NA,NA,NA,NA,NA,NA,NA,NA,NA,NA,NA,NA,NA
"74","Blautia species","Blautia-sp-KLE-1732-MAF-2",NA,556.9,NA,NA,NA,NA,"yes",NA,NA,NA,NA,NA,NA,NA,NA,NA,NA,NA,NA,NA,NA,NA,NA,NA,NA,NA,NA,NA,NA,NA,NA
"75","Blautia wexlerae","Blautia-wexlerae-DSM-19850-MAF-2",NA,544.9,NA,NA,NA,NA,"yes",NA,NA,NA,NA,NA,NA,NA,NA,NA,"propanediol pathway",NA,NA,NA,NA,NA,536.3,741.1,457.9,599.3,207,NA,NA,NA,"yes"
"76","Brachymonas chironomi","Brachymonas_chironomi",NA,465.6,466.8,NA,521.1,NA,"yes",NA,NA,NA,NA,NA,NA,NA,NA,NA,NA,NA,NA,NA,NA,NA,NA,NA,NA,NA,NA,NA,NA,NA,NA
"77","Butyricimonas virosa","Butyricimonas-virosa-DSM-23226-MAF-2",560.5,NA,NA,848,NA,NA,"yes",910.8,597.2,112.6,161.3,NA,NA,NA,230.3,842.9,"sodium-pumping decarboxylase",NA,NA,NA,NA,NA,NA,NA,NA,NA,NA,NA,NA,NA,"yes"
"78","Butyrivibrio crossotus","Butyrivibrio-crossotus-DSM-2876-MAF-2",565.3,538.9,NA,NA,NA,NA,"yes",NA,NA,NA,NA,NA,NA,NA,NA,NA,NA,NA,NA,NA,NA,NA,NA,NA,NA,NA,NA,NA,NA,NA,NA
"79","Caldicoprobacter faecalis","Caldicoprobacter_faecalis",NA,564.9,534.6,NA,NA,NA,"yes",NA,NA,NA,NA,NA,NA,NA,NA,NA,NA,NA,NA,NA,NA,NA,NA,NA,NA,NA,NA,NA,NA,NA,NA
"80","Catenibacterium mitsuokai","Catenibacterium-mitsuokai-DSM-15897-MAF-2",574.9,530.6,NA,NA,NA,NA,"yes",NA,NA,NA,NA,NA,NA,NA,NA,NA,NA,NA,NA,NA,NA,NA,NA,NA,NA,NA,NA,NA,NA,NA,NA
"81","Citrobacter pasteurii","Citrobacter_pasteurii",537.1,514,559.9,752.4,548.9,NA,"yes",NA,NA,NA,NA,NA,NA,NA,NA,NA,NA,NA,NA,NA,NA,NA,NA,NA,NA,NA,NA,NA,NA,NA,NA
"82","Clostridioides difficile","Clostridioides_difficile",592.9,472.8,NA,NA,NA,NA,"yes",NA,NA,NA,NA,NA,NA,NA,NA,NA,NA,NA,NA,NA,NA,NA,NA,NA,NA,NA,NA,NA,NA,NA,NA
"83","Clostridium scindens","Clostridium-scindens-ATCC-35704-MAF-2",NA,531.6,NA,NA,NA,NA,"yes",NA,NA,NA,NA,NA,NA,NA,NA,NA,NA,NA,NA,NA,NA,NA,NA,NA,NA,NA,NA,NA,NA,NA,NA
"84","Clostridium species","Clostridium-sp-M62-1-MAF-2",541.4,502.5,NA,NA,NA,NA,"yes",NA,NA,NA,NA,NA,NA,NA,NA,NA,NA,NA,NA,NA,NA,NA,NA,NA,NA,NA,NA,NA,NA,NA,NA
"85","Clostridium spiroforme","Clostridium-spiroforme-DSM-1552-MAF-2",513.2,480.7,NA,NA,NA,NA,"yes",NA,NA,NA,NA,NA,NA,NA,NA,NA,NA,NA,NA,NA,NA,NA,NA,NA,NA,NA,NA,NA,NA,NA,NA
"86","Collinsella aerofaciens","Collinsella_aerofaciens",NA,536.6,NA,NA,NA,NA,"yes",NA,NA,NA,NA,NA,NA,NA,NA,NA,NA,NA,NA,NA,NA,NA,NA,NA,NA,NA,NA,NA,NA,NA,NA
"87","Collinsella stercoris","Collinsella-stercoris-DSM-13279-MAF-2",NA,518.3,NA,NA,NA,NA,"yes",NA,NA,NA,NA,NA,NA,NA,NA,NA,NA,NA,NA,NA,NA,NA,NA,NA,NA,NA,NA,NA,NA,NA,NA
"88","Coprococcus comes","Coprococcus-comes-ATCC-27758-MAF-2",578.1,548.1,469.7,NA,NA,NA,"yes",NA,NA,NA,NA,NA,NA,NA,NA,NA,NA,NA,NA,NA,NA,NA,NA,NA,NA,NA,NA,NA,NA,NA,NA
"89","Coprococcus eutactus","Coprococcus-eutactus-ATCC-27759-MAF-2",555.3,537.5,NA,NA,NA,NA,"yes",NA,NA,NA,NA,NA,NA,NA,NA,NA,NA,NA,NA,NA,NA,NA,NA,NA,NA,NA,NA,NA,NA,NA,NA
"90","Cutibacterium acnes","Cutibacterium_acnes",NA,499.7,NA,870,NA,NA,"yes",779.2,NA,NA,NA,175.6,931,1051.3,181.5,779.1,"Wood-Werkman Cycle",NA,NA,NA,NA,NA,NA,NA,NA,NA,NA,NA,NA,NA,"yes"
"91","Desulfovibrio piger","Desulfovibrio_piger",NA,457.7,NA,NA,NA,NA,"yes",NA,NA,NA,NA,NA,NA,NA,NA,NA,NA,NA,NA,NA,NA,NA,NA,NA,NA,NA,NA,NA,NA,NA,NA
"92","Dorea formicigenerans","Dorea-formicigenerans-ATCC-27755-MAF-2",595.3,545.4,NA,NA,NA,NA,"yes",NA,NA,NA,NA,NA,NA,NA,NA,NA,NA,NA,NA,NA,NA,NA,NA,NA,NA,NA,NA,NA,NA,NA,NA
"93","Dorea longicatena","Dorea-longicatena-DSM-13814-MAF-2",590.2,529.1,471.1,NA,NA,NA,"yes",NA,NA,NA,NA,NA,NA,NA,NA,NA,NA,NA,NA,NA,NA,NA,NA,NA,NA,NA,NA,NA,NA,NA,NA
"94","Dysgonomonas capnocytophagoides","Dysgonomonas_capnocytophagoides",566,553.1,NA,NA,NA,93.3,"yes",NA,NA,NA,NA,NA,NA,NA,NA,NA,NA,NA,NA,NA,NA,NA,NA,NA,NA,NA,NA,NA,NA,NA,NA
"95","Eggerthella lenta","Eggerthella_lenta",NA,519.3,NA,NA,NA,NA,"yes",NA,NA,NA,NA,NA,NA,NA,NA,NA,NA,NA,NA,NA,NA,NA,NA,NA,NA,NA,NA,NA,NA,NA,NA
"96","Eisenbergiella tayi","Eisenbergiella_tayi",542.4,532.1,NA,NA,NA,NA,"yes",NA,NA,NA,NA,NA,NA,NA,NA,NA,NA,NA,NA,NA,NA,NA,NA,NA,NA,NA,NA,NA,NA,NA,NA
"97","Enterobacter asburiae","Enterobacter_asburiae",545.2,517.5,558.9,NA,545.6,NA,"yes",NA,NA,NA,NA,NA,NA,NA,NA,NA,NA,NA,NA,NA,NA,NA,NA,NA,NA,NA,NA,NA,NA,NA,NA
"98","Enterobacter cloacae","Enterobacter_cloacae",536.8,517.9,557.1,NA,548.4,NA,"yes",NA,NA,NA,NA,NA,NA,NA,NA,NA,NA,NA,NA,NA,NA,NA,NA,NA,NA,NA,NA,NA,NA,NA,NA
"99","Enterocloster asparagiformis","Enterocloster-asparagiformis-DSM-15981-MAF-2",586.6,529.5,NA,NA,NA,NA,"yes",NA,NA,NA,NA,NA,NA,NA,NA,NA,NA,NA,NA,NA,NA,NA,NA,NA,NA,NA,NA,NA,NA,NA,NA
"100","Enterocloster bolteae","Enterocloster-bolteae-ATCC-BAA-613-MAF-2",561,530.1,448.8,NA,NA,NA,"yes",NA,NA,NA,NA,NA,NA,NA,NA,NA,NA,NA,NA,NA,NA,NA,NA,NA,NA,NA,NA,NA,NA,NA,NA
"101","Enterococcus casseliflavus","Enterococcus_casseliflavus",577.6,514.4,557.4,NA,NA,NA,"yes",NA,NA,NA,NA,NA,NA,NA,NA,NA,NA,NA,NA,NA,NA,NA,NA,NA,NA,NA,NA,NA,NA,NA,NA
"102","Enterococcus durans","Enterococcus_durans",551.8,502.4,562.3,NA,NA,NA,"yes",NA,NA,NA,NA,NA,NA,NA,NA,NA,NA,NA,NA,NA,NA,NA,NA,NA,NA,NA,NA,NA,NA,NA,NA
"103","Enterococcus faecalis","Enterococcus_faecalis",559.3,490.2,558.5,NA,NA,NA,"yes",NA,NA,NA,NA,NA,NA,NA,NA,NA,NA,NA,NA,NA,NA,NA,NA,NA,NA,NA,NA,NA,NA,NA,NA
"104","Enterococcus faecium","Enterococcus_faecium",543.3,506.1,553.7,NA,NA,NA,"yes",NA,NA,NA,NA,NA,NA,NA,NA,NA,NA,NA,NA,NA,NA,NA,NA,NA,NA,NA,NA,NA,NA,NA,NA
"105","Enterococcus gallinarum","Enterococcus_gallinarum",574.8,521.4,561,NA,NA,NA,"yes",NA,NA,NA,NA,NA,NA,NA,NA,NA,NA,NA,NA,NA,NA,NA,NA,NA,NA,NA,NA,NA,NA,NA,NA
"106","Enterovibrio nigricans","Enterovibrio_nigricans",500.6,505,533.2,908.9,NA,NA,"yes",NA,NA,NA,NA,NA,NA,NA,NA,NA,NA,NA,NA,NA,NA,NA,NA,NA,NA,NA,NA,NA,NA,NA,NA
"107","Erysipelatoclostridium ramosum","Erysipelatoclostridium_ramosum",591.2,511.1,465.2,NA,NA,NA,"yes",NA,NA,NA,NA,NA,NA,NA,NA,NA,NA,NA,NA,NA,NA,NA,NA,NA,NA,NA,NA,NA,NA,NA,NA
"108","Escherichia coli","Escherichia_coli",531.1,515.6,563.3,933.6,546,NA,"yes",NA,NA,NA,NA,NA,NA,NA,NA,NA,NA,NA,NA,NA,NA,NA,NA,NA,NA,NA,NA,NA,NA,NA,NA
"109","Eubacterium eligens","Eubacterium_eligens",530.4,522.8,NA,NA,NA,NA,"yes",NA,NA,NA,NA,NA,NA,NA,NA,NA,NA,NA,NA,NA,NA,NA,NA,NA,NA,NA,NA,NA,NA,NA,NA
"110","Eubacterium limosum","Eubacterium_limosum",596.1,563.8,496.3,NA,436.9,NA,"yes",NA,NA,NA,NA,NA,NA,NA,NA,NA,NA,NA,NA,NA,NA,NA,NA,NA,NA,NA,NA,NA,NA,NA,NA
"111","Eubacterium ramulus","Eubacterium_ramulus",585,540.9,NA,NA,NA,NA,"yes",NA,NA,NA,NA,NA,NA,NA,NA,NA,NA,NA,NA,NA,NA,NA,NA,NA,NA,NA,NA,NA,NA,NA,NA
"112","Eubacterium rectale","Eubacterium_rectale",547.2,543.8,NA,NA,NA,NA,"yes",NA,NA,NA,NA,NA,NA,NA,NA,NA,NA,NA,NA,NA,NA,NA,NA,NA,NA,NA,NA,NA,NA,NA,NA
"113","Eubacterium siraeum","Eubacterium-siraeum-DSM-15702-MAF-2",NA,550.5,NA,NA,NA,NA,"yes",NA,NA,NA,NA,NA,NA,NA,NA,NA,NA,NA,NA,NA,NA,NA,NA,NA,NA,NA,NA,NA,NA,NA,NA
"114","Eubacterium ventriosum","Eubacterium-ventriosum-ATCC-27560-MAF-2",594.7,536.3,NA,NA,NA,NA,"yes",NA,NA,NA,NA,NA,NA,NA,NA,NA,NA,NA,NA,NA,NA,NA,NA,NA,NA,NA,NA,NA,NA,NA,NA
"115","Faecalibacterium prausnitzii","Faecalibacterium_prausnitzii",NA,547.4,NA,NA,NA,NA,"yes",NA,NA,NA,NA,NA,NA,NA,NA,NA,NA,NA,NA,NA,NA,NA,NA,NA,NA,NA,NA,NA,NA,NA,NA
"116","Faecalitalea cylindroides","Faecalitalea_cylindroides",NA,530,NA,NA,NA,NA,"yes",NA,NA,NA,NA,NA,NA,NA,NA,NA,NA,NA,NA,NA,NA,NA,NA,NA,NA,NA,NA,NA,NA,NA,NA
"117","Ferrimonas balearica","Ferrimonas_balearica",NA,502.5,480.1,NA,NA,109.1,"yes",NA,NA,NA,NA,NA,NA,NA,NA,NA,NA,NA,NA,NA,NA,NA,NA,NA,NA,NA,NA,NA,NA,NA,NA
"118","Flavobacterium daejeonense","Flavobacterium_daejeonense",NA,NA,NA,NA,501.6,NA,"yes",NA,NA,NA,NA,NA,NA,NA,NA,NA,NA,NA,NA,NA,NA,NA,NA,NA,NA,NA,NA,NA,NA,NA,NA
"119","Flavonifractor plautii","Flavonifractor_plautii",558.3,521.9,NA,NA,NA,NA,"yes",NA,NA,NA,NA,NA,NA,NA,NA,NA,NA,NA,NA,NA,NA,NA,NA,NA,NA,NA,NA,NA,NA,NA,NA
"120","Fusicatenibacter saccharivorans","Fusicatenibacter_saccharivorans",566.4,538.8,496.6,NA,NA,NA,"yes",NA,NA,NA,NA,NA,NA,NA,NA,NA,NA,NA,NA,NA,NA,NA,NA,NA,NA,NA,NA,NA,NA,NA,NA
"121","Gallibacterium anatis","Gallibacterium_anatis",NA,483.9,542.7,NA,NA,NA,"yes",NA,NA,NA,NA,NA,NA,NA,NA,NA,NA,NA,NA,NA,NA,NA,NA,NA,NA,NA,NA,NA,NA,NA,NA
"122","Gemmiger formicilis","Gemmiger_formicilis",NA,556.6,NA,NA,NA,NA,"yes",NA,NA,NA,NA,NA,NA,NA,NA,NA,NA,NA,NA,NA,NA,NA,NA,NA,NA,NA,NA,NA,NA,NA,NA
"123","Granulicatella adiacens","Granulicatella-adiacens-ATCC-49175-MAF-2",NA,488,NA,NA,NA,NA,"yes",NA,NA,NA,NA,NA,NA,NA,NA,NA,NA,NA,NA,NA,NA,NA,NA,NA,NA,NA,NA,NA,NA,NA,NA
"124","Hafnia alvei","Hafnia_alvei",528.7,512.9,498.7,NA,540.3,NA,"yes",NA,NA,NA,NA,NA,NA,NA,NA,NA,NA,NA,NA,NA,NA,NA,NA,NA,NA,NA,NA,NA,NA,NA,NA
"125","Helicobacter bilis","Helicobacter_bilis",NA,475.5,501.8,NA,NA,NA,"yes",NA,NA,NA,NA,NA,NA,NA,NA,NA,NA,NA,NA,NA,NA,NA,NA,NA,NA,NA,NA,NA,NA,NA,NA
"126","Helicobacter rodentium","Helicobacter_rodentium",NA,505.9,NA,NA,NA,NA,"yes",NA,NA,NA,NA,NA,NA,NA,NA,NA,NA,NA,NA,NA,NA,NA,NA,NA,NA,NA,NA,NA,NA,NA,NA
"127","Hungatella hathewayi","Hungatella_hathewayi",556.1,528.6,NA,NA,NA,NA,"yes",NA,NA,NA,NA,NA,NA,NA,NA,NA,NA,NA,NA,NA,NA,NA,NA,NA,NA,NA,NA,NA,NA,NA,NA
"128","Intestinibacter bartlettii","Intestinibacter-bartlettii-DSM-16795-MAF-2",NA,516.4,476.7,NA,NA,NA,"yes",NA,NA,NA,NA,NA,NA,NA,NA,NA,NA,NA,NA,NA,NA,NA,NA,NA,NA,NA,NA,NA,NA,NA,NA
"129","Intestinimonas butyriciproducens","Intestinimonas_butyriciproducens",531.3,528.5,NA,NA,NA,NA,"yes",896.9,570.7,75.3,148.9,NA,NA,NA,210.4,816.9,"sodium-pumping decarboxylase",NA,NA,NA,NA,NA,NA,NA,NA,NA,NA,NA,NA,NA,"yes"
"130","Klebsiella oxytoca","Klebsiella_oxytoca",537.7,516.5,555.2,959.4,547.7,NA,"yes",NA,NA,NA,NA,NA,NA,NA,NA,NA,NA,NA,NA,NA,NA,NA,NA,NA,NA,NA,NA,NA,NA,NA,NA
"131","Klebsiella pneumoniae","Klebsiella_pneumoniae",544.8,516.9,557.1,NA,548.7,NA,"yes",NA,NA,NA,NA,NA,NA,NA,NA,NA,NA,NA,NA,NA,NA,NA,NA,NA,NA,NA,NA,NA,NA,NA,NA
"132","Lachnospira eligens","Lachnospira-eligens-ATCC-27750-MAF-2",530.4,522.8,NA,NA,NA,NA,"yes",NA,NA,NA,NA,NA,NA,NA,NA,NA,NA,NA,NA,NA,NA,NA,NA,NA,NA,NA,NA,NA,NA,NA,NA
"133","Lachnospira pectinoschiza","Lachnospira_pectinoschiza",535.3,512,NA,NA,NA,NA,"yes",NA,NA,NA,NA,NA,NA,NA,NA,NA,NA,NA,NA,NA,NA,NA,NA,NA,NA,NA,NA,NA,NA,NA,NA
"134","Lactobacillus animalis","Lactobacillus_animalis",502.5,503.8,527.8,NA,NA,NA,"yes",NA,NA,NA,NA,NA,NA,NA,NA,NA,NA,NA,NA,NA,NA,NA,NA,NA,NA,NA,NA,NA,NA,NA,NA
"135","Lactobacillus paracasei","Lactobacillus_paracasei",489.1,513.8,463.9,NA,NA,NA,"yes",NA,NA,NA,NA,NA,NA,NA,NA,NA,NA,NA,NA,NA,NA,NA,NA,NA,NA,NA,NA,NA,NA,NA,NA
"136","Lactobacillus plantarum","Lactobacillus_plantarum",521.2,NA,515,NA,NA,NA,"yes",NA,NA,NA,NA,NA,NA,NA,NA,NA,NA,NA,NA,NA,NA,NA,NA,NA,NA,NA,NA,NA,NA,NA,NA
"137","Lactobacillus reuteri","Lactobacillus_reuteri",509.8,517.8,550.9,NA,NA,NA,"yes",NA,NA,NA,NA,NA,NA,NA,NA,NA,NA,NA,NA,NA,NA,NA,NA,NA,NA,NA,NA,NA,NA,NA,NA
"138","Lactobacillus rhamnosus","Lactobacillus_rhamnosus",491.5,513,462.6,NA,NA,NA,"yes",NA,NA,NA,NA,NA,NA,NA,NA,NA,NA,NA,NA,NA,NA,NA,NA,NA,NA,NA,NA,NA,NA,NA,NA
"139","Lactobacillus ruminis","Lactobacillus-ruminis-ATCC-25644-MAF-2",487.6,504.5,NA,NA,NA,NA,"yes",NA,NA,NA,NA,NA,NA,NA,NA,NA,NA,NA,NA,NA,NA,NA,NA,NA,NA,NA,NA,NA,NA,NA,NA
"140","Lactobacillus salivarius","Lactobacillus_salivarius",507.5,506,529.9,NA,NA,NA,"yes",NA,NA,NA,NA,NA,NA,NA,NA,NA,NA,NA,NA,NA,NA,NA,NA,NA,NA,NA,NA,NA,NA,NA,NA
"141","Lactococcus lactis","Lactococcus-lactis-IL1403-MAF-2",514.7,508.9,557.2,NA,NA,NA,"yes",NA,NA,NA,NA,NA,NA,NA,NA,NA,NA,NA,NA,NA,NA,NA,NA,NA,NA,NA,NA,NA,NA,NA,NA
"142","Leuconostoc mesenteroides","Leuconostoc_mesenteroides",NA,NA,528.7,NA,NA,NA,"yes",NA,NA,NA,NA,NA,NA,NA,NA,NA,NA,NA,NA,NA,NA,NA,NA,NA,NA,NA,NA,NA,NA,NA,NA
"143","Leuconostoc pseudomesenteroides","Leuconostoc_pseudomesenteroides",NA,NA,517.7,NA,NA,NA,"yes",NA,NA,NA,NA,NA,NA,NA,NA,NA,NA,NA,NA,NA,NA,NA,NA,NA,NA,NA,NA,NA,NA,NA,NA
"144","Mannheimia granulomatis","Mannheimia_granulomatis",NA,475.3,546.2,NA,NA,NA,"yes",NA,NA,NA,NA,NA,NA,NA,NA,NA,NA,NA,NA,NA,NA,NA,NA,NA,NA,NA,NA,NA,NA,NA,NA
"145","Marvinbryantia formatexigens","Marvinbryantia-formatexigens-DSM-14469-MAF-2",574,535.6,NA,NA,NA,NA,"yes",NA,NA,NA,NA,NA,NA,NA,NA,NA,NA,NA,NA,NA,NA,NA,NA,NA,NA,NA,NA,NA,NA,NA,NA
"146","Megasphaera elsdenii","Megasphaera-elsdenii-14-14-MAF-2",486,506.3,458.1,NA,NA,NA,"yes",NA,NA,NA,NA,NA,NA,NA,NA,NA,"acrylate pathway",413.7,378.9,861.9,822.9,701.5,NA,NA,NA,NA,NA,NA,NA,NA,"yes"
"147","Microvirgula aerodenitrificans","Microvirgula_aerodenitrificans",NA,537.8,499.4,NA,489.7,NA,"yes",NA,NA,NA,NA,NA,NA,NA,NA,NA,NA,NA,NA,NA,NA,NA,NA,NA,NA,NA,NA,NA,NA,NA,NA
"148","Mitsuokella jalaludinii","Mitsuokella_jalaludinii",586.3,547.7,474.1,NA,NA,NA,"yes",NA,NA,NA,NA,NA,NA,NA,NA,NA,NA,NA,NA,NA,NA,NA,NA,NA,NA,NA,NA,NA,NA,NA,NA
"149","Mitsuokella multacida","Mitsuokella-multacida-DSM-20544-MAF-2",591.2,546.5,468.6,NA,NA,NA,"yes",NA,NA,NA,NA,NA,NA,NA,NA,NA,NA,NA,NA,NA,NA,NA,NA,NA,NA,NA,NA,NA,NA,NA,NA
"150","Murimonas intestini","Murimonas_intestini",NA,550.5,NA,NA,NA,NA,"yes",NA,NA,NA,NA,NA,NA,NA,NA,NA,NA,NA,NA,NA,NA,NA,NA,NA,NA,NA,NA,NA,NA,NA,NA
"151","Nitriliruptor alkaliphilus","Nitriliruptor_alkaliphilus",NA,NA,490.9,NA,NA,NA,"yes",NA,NA,NA,NA,NA,NA,NA,NA,NA,NA,NA,NA,NA,NA,NA,NA,NA,NA,NA,NA,NA,NA,NA,NA
"152","Odoribacter splanchnicus","Odoribacter_splanchnicus",547.5,NA,NA,878.6,NA,NA,"yes",910.7,596.9,109.1,169.7,NA,NA,NA,232.8,835.7,"sodium-pumping decarboxylase",NA,NA,NA,NA,NA,NA,NA,NA,NA,NA,NA,NA,NA,"yes"
"153","Ornithobacterium rhinotracheale","Ornithobacterium_rhinotracheale",556.1,452.6,NA,NA,NA,NA,"yes",NA,NA,NA,NA,NA,NA,NA,NA,NA,NA,NA,NA,NA,NA,NA,NA,NA,NA,NA,NA,NA,NA,NA,NA
"154","Parabacteroides distasonis","Parabacteroides_distasonis",596.2,546.7,NA,NA,NA,96.5,"yes",941.3,610.3,93.4,193.7,NA,NA,NA,244,842.9,"sodium-pumping decarboxylase",NA,NA,NA,NA,NA,NA,NA,NA,NA,NA,NA,NA,NA,"yes"
"155","Parabacteroides goldsteinii","Parabacteroides_goldsteinii",596.9,549.6,NA,NA,NA,93.2,"yes",941.5,611.8,96.5,195.5,NA,NA,NA,245.1,843.9,"sodium-pumping decarboxylase",NA,NA,NA,NA,NA,NA,NA,NA,NA,NA,NA,NA,NA,"yes"
"156","Parabacteroides johnsonii","Parabacteroides-johnsonii-DSM-18315-MAF-2",609.5,551.8,NA,NA,NA,93.2,"yes",940.7,608.9,103.6,195.9,NA,NA,NA,243.5,854.7,"sodium-pumping decarboxylase",NA,NA,NA,NA,NA,NA,NA,NA,NA,NA,NA,NA,NA,"yes"
"157","Parabacteroides merdae","Parabacteroides-merdae-ATCC-43184-MAF-2",588.7,549.3,NA,NA,NA,94.4,"yes",940.7,612.1,96.4,196.4,NA,NA,NA,244.3,856.3,"sodium-pumping decarboxylase",NA,NA,NA,NA,NA,NA,NA,NA,NA,NA,NA,NA,NA,"yes"
"158","Parabacteroides species","Parabacteroides-sp-D13-MAF-2",590.7,546.7,NA,NA,NA,96.5,"yes",941.3,610.3,93.4,193.7,NA,NA,NA,244,845.1,"sodium-pumping decarboxylase",NA,NA,NA,NA,NA,NA,NA,NA,NA,NA,NA,NA,NA,"yes"
"159","Pediococcus acidilactici","Pediococcus_acidilactici",527.6,NA,NA,NA,NA,NA,"yes",NA,NA,NA,NA,NA,NA,NA,NA,NA,NA,NA,NA,NA,NA,NA,NA,NA,NA,NA,NA,NA,NA,NA,NA
"160","Peptoniphilus harei","Peptoniphilus_harei",NA,439.8,NA,NA,NA,NA,"yes",NA,NA,NA,NA,NA,NA,NA,NA,NA,NA,NA,NA,NA,NA,NA,NA,NA,NA,NA,NA,NA,NA,NA,NA
"161","Phocaeicola vulgatus","Phocaeicola_vulgatus",602.2,535.2,NA,NA,NA,102.5,"yes",941.8,613,91.3,199.3,NA,NA,NA,238.7,869.8,"sodium-pumping decarboxylase",NA,NA,NA,NA,NA,NA,NA,NA,NA,NA,NA,NA,NA,"yes"
"162","Porphyromonas asaccharolytica","Porphyromonas_asaccharolytica",NA,NA,457.8,861.4,NA,NA,"yes",NA,NA,NA,NA,NA,NA,NA,NA,NA,NA,NA,NA,NA,NA,NA,NA,NA,NA,NA,NA,NA,NA,NA,NA
"163","Porphyromonas uenonis","Porphyromonas_uenonis",NA,NA,460.7,853.9,NA,NA,"yes",NA,NA,NA,NA,NA,NA,NA,NA,NA,NA,NA,NA,NA,NA,NA,NA,NA,NA,NA,NA,NA,NA,NA,NA
"164","Prevotella baroniae","Prevotella_baroniae",589.7,539.6,NA,NA,NA,NA,"yes",NA,NA,NA,NA,NA,NA,NA,NA,NA,NA,NA,NA,NA,NA,NA,NA,NA,NA,NA,NA,NA,NA,NA,NA
"165","Prevotella bivia","Prevotella_bivia",558.8,535,NA,NA,NA,NA,"yes",NA,NA,NA,NA,NA,NA,NA,NA,NA,NA,NA,NA,NA,NA,NA,NA,NA,NA,NA,NA,NA,NA,NA,NA
"166","Prevotella buccalis","Prevotella-buccalis-ATCC-35310-MAF-2",590.4,524.2,NA,NA,NA,NA,"yes",NA,NA,NA,NA,NA,NA,NA,NA,NA,NA,NA,NA,NA,NA,NA,NA,NA,NA,NA,NA,NA,NA,NA,NA
"167","Prevotella copri","Prevotella-copri-DSM-18205-MAF-2",590.6,528.8,NA,NA,NA,NA,"yes",NA,NA,NA,NA,NA,NA,NA,NA,NA,NA,NA,NA,NA,NA,NA,NA,NA,NA,NA,NA,NA,NA,NA,NA
"168","Prevotella dentalis","Prevotella_dentalis",557.6,520.3,NA,NA,NA,NA,"yes",NA,NA,NA,NA,NA,NA,NA,NA,NA,NA,NA,NA,NA,NA,NA,NA,NA,NA,NA,NA,NA,NA,NA,NA
"169","Prevotella micans","Prevotella_micans",558,NA,NA,854.2,NA,NA,"yes",NA,NA,NA,NA,NA,NA,NA,NA,NA,NA,NA,NA,NA,NA,NA,NA,NA,NA,NA,NA,NA,NA,NA,NA
"170","Prevotella multisaccharivorax","Prevotella_multisaccharivorax",551.2,534.3,NA,NA,NA,NA,"yes",NA,NA,NA,NA,NA,NA,NA,NA,NA,NA,NA,NA,NA,NA,NA,NA,NA,NA,NA,NA,NA,NA,NA,NA
"171","Prevotella veroralis","Prevotella_veroralis",NA,548.9,NA,NA,NA,NA,"yes",NA,NA,NA,NA,NA,NA,NA,NA,NA,NA,NA,NA,NA,NA,NA,NA,NA,NA,NA,NA,NA,NA,NA,NA
"172","Propionibacterium acidipropionici","Propionibacterium_acidipropionici_ATCC_4875",NA,NA,NA,NA,NA,NA,NA,786.8,527.9,NA,124.4,171.9,907,1023.7,182,769.1,"Wood-Werkman Cycle",NA,NA,NA,NA,NA,NA,NA,NA,NA,NA,NA,NA,NA,"yes"
"173","Propionibacterium acidipropionici","Propionibacterium_acidipropionici_ATCC_55737",NA,NA,NA,NA,NA,NA,NA,787.8,527.3,NA,124.4,171.9,906.7,1023.7,182,768.3,"Wood-Werkman Cycle",NA,NA,NA,NA,NA,NA,NA,NA,NA,NA,NA,NA,NA,"yes"
"174","Propionibacterium acidipropionici","Propionibacterium_acidipropionici_CGMCC",NA,NA,NA,NA,NA,NA,NA,787.8,527.9,NA,130,171.9,906.7,1023.7,182,769.1,"Wood-Werkman Cycle",NA,NA,NA,NA,NA,NA,NA,NA,NA,NA,NA,NA,NA,"yes"
"175","Propionibacterium freudenreichii","Propionibacterium_freudenreichii_shermanii_JS",NA,NA,NA,NA,NA,NA,NA,790.4,NA,NA,111.4,173.2,904.5,1003.1,175.7,776.7,"Wood-Werkman Cycle",NA,NA,NA,NA,NA,NA,NA,NA,NA,NA,NA,NA,NA,"yes"
"176","Propionibacterium freudenreichii","Propionibacterium_freudenreichii_subsp_freudenreichii_strain_20271T",NA,NA,NA,NA,NA,NA,NA,789,NA,NA,111.4,173.2,904.5,1003.1,175.7,776.7,"Wood-Werkman Cycle",NA,NA,NA,NA,NA,NA,NA,NA,NA,NA,NA,NA,NA,"yes"
"177","Propionimicrobium lymphophilum","Propionimicrobium_lymphophilum",NA,472.7,445.9,NA,NA,NA,"yes",784.6,NA,NA,NA,147.5,846.4,998.4,162.6,775.2,"Wood-Werkman Cycle",NA,NA,NA,NA,NA,NA,NA,NA,NA,NA,NA,NA,NA,"yes"
"178","Proteus mirabilis","Proteus_mirabilis",463.2,520.1,540.6,NA,528.8,NA,"yes",NA,NA,NA,NA,NA,NA,NA,NA,NA,NA,NA,NA,NA,NA,NA,NA,NA,NA,NA,NA,NA,NA,NA,NA
"179","Pseudomonas aeruginosa","Pseudomonas_aeruginosa",NA,520.7,516.3,NA,551.3,NA,"yes",NA,NA,NA,NA,NA,NA,NA,NA,NA,NA,NA,NA,NA,NA,NA,NA,NA,NA,NA,NA,NA,NA,NA,NA
"180","Rheinheimera perlucida","Rheinheimera_perlucida",466.1,500.5,590.6,NA,515.1,NA,"yes",NA,NA,NA,NA,NA,NA,NA,NA,NA,NA,NA,NA,NA,NA,NA,NA,NA,NA,NA,NA,NA,NA,NA,NA
"181","Rheinheimera texasensis","Rheinheimera_texasensis",NA,509.4,587.8,NA,525.7,NA,"yes",NA,NA,NA,NA,NA,NA,NA,NA,NA,NA,NA,NA,NA,NA,NA,NA,NA,NA,NA,NA,NA,NA,NA,NA
"182","Riemerella columbina","Riemerella_columbina",NA,465.4,NA,NA,NA,NA,"yes",NA,NA,NA,NA,NA,NA,NA,NA,NA,NA,NA,NA,NA,NA,NA,NA,NA,NA,NA,NA,NA,NA,NA,NA
"183","Roseburia faecis","Roseburia_faecis",538.6,551.3,NA,NA,NA,NA,"yes",NA,NA,NA,NA,NA,NA,NA,NA,NA,NA,NA,NA,NA,NA,NA,NA,NA,NA,NA,NA,NA,NA,NA,NA
"184","Roseburia intestinalis","Roseburia-intestinalis-L1-82-MAF-2",593.2,543.1,473.6,NA,NA,NA,"yes",NA,NA,NA,NA,NA,NA,NA,NA,NA,NA,NA,NA,NA,NA,NA,NA,NA,NA,NA,NA,NA,NA,NA,NA
"185","Roseburia inulinivorans","Roseburia_inulinivorans",571.8,519.5,475,NA,NA,NA,"yes",NA,NA,NA,NA,NA,NA,NA,NA,NA,NA,NA,NA,NA,NA,NA,NA,NA,NA,NA,NA,NA,NA,NA,NA
"186","Roseburia inulinivorans","Roseburia-inulinivorans-strain-AF28-15",NA,NA,NA,NA,NA,NA,NA,NA,NA,NA,NA,NA,NA,NA,NA,NA,"propanediol pathway",NA,NA,NA,NA,NA,528.6,816.2,464.6,609.2,200.9,NA,NA,NA,"yes"
"187","Ruminococcus bicirculans","Ruminococcus_bicirculans",NA,519,NA,NA,NA,NA,"yes",NA,NA,NA,NA,NA,NA,NA,NA,NA,NA,NA,NA,NA,NA,NA,NA,NA,NA,NA,NA,NA,NA,NA,NA
"188","Ruminococcus bromii","Ruminococcus_bromii",NA,523.6,NA,NA,NA,NA,"yes",NA,NA,NA,NA,NA,NA,NA,NA,NA,NA,NA,NA,NA,NA,NA,NA,NA,NA,NA,NA,NA,NA,NA,NA
"189","Ruminococcus gauvreauii","Ruminococcus-gauvreauii-DSM-19829-MAF-2",563.3,520.2,NA,NA,NA,NA,"yes",NA,NA,NA,NA,NA,NA,NA,NA,NA,NA,NA,NA,NA,NA,NA,NA,NA,NA,NA,NA,NA,NA,NA,NA
"190","Ruminococcus lactaris","Ruminococcus-lactaris-ATCC-29176-MAF-2",568,531.4,476,NA,NA,NA,"yes",NA,NA,NA,NA,NA,NA,NA,NA,NA,NA,NA,NA,NA,NA,NA,NA,NA,NA,NA,NA,NA,NA,NA,NA
"191","Ruminococcus torques","Ruminococcus-torques-ATCC-27756-MAF-2",NA,529.5,NA,NA,NA,NA,"yes",NA,NA,NA,NA,NA,NA,NA,NA,NA,NA,NA,NA,NA,NA,NA,NA,NA,NA,NA,NA,NA,NA,NA,NA
"192","Selenomonas ruminantium","Selenomonas_ruminantium_subsp_lactilytica_TAM6421",NA,NA,NA,NA,NA,NA,NA,897.1,560.6,108.8,146.4,NA,680.2,NA,200.8,783.8,"sodium-pumping decarboxylase",NA,NA,NA,NA,NA,NA,NA,NA,NA,NA,NA,NA,NA,"yes"
"193","Selenomonas sputigena","Selenomonas_sputigena_ATCC_35185",NA,NA,NA,NA,NA,NA,NA,897.8,558.1,104.2,150.9,NA,NA,NA,203.8,783.5,"sodium-pumping decarboxylase",NA,NA,NA,NA,NA,NA,NA,NA,NA,NA,NA,NA,NA,"yes"
"194","Sellimonas intestinalis","Sellimonas_intestinalis",553.6,527.2,NA,NA,NA,NA,"yes",NA,NA,NA,NA,NA,NA,NA,NA,NA,NA,NA,NA,NA,NA,NA,NA,NA,NA,NA,NA,NA,NA,NA,NA
"195","Staphylococcus epidermidis","Staphylococcus_epidermidis",NA,533.8,528,NA,NA,NA,"yes",NA,NA,NA,NA,NA,NA,NA,NA,NA,NA,NA,NA,NA,NA,NA,NA,NA,NA,NA,NA,NA,NA,NA,NA
"196","Staphylococcus lentus","Staphylococcus_lentus",512.3,534.8,456.1,NA,NA,NA,"yes",NA,NA,NA,NA,NA,NA,NA,NA,NA,NA,NA,NA,NA,NA,NA,NA,NA,NA,NA,NA,NA,NA,NA,NA
"197","Staphylococcus nepalensis","Staphylococcus_nepalensis",553.9,527.9,474.4,NA,NA,NA,"yes",NA,NA,NA,NA,NA,NA,NA,NA,NA,NA,NA,NA,NA,NA,NA,NA,NA,NA,NA,NA,NA,NA,NA,NA
"198","Staphylococcus xylosus","Staphylococcus_xylosus",NA,529.9,522.7,NA,NA,NA,"yes",NA,NA,NA,NA,NA,NA,NA,NA,NA,NA,NA,NA,NA,NA,NA,NA,NA,NA,NA,NA,NA,NA,NA,NA
"199","Stenotrophomonas maltophilia","Stenotrophomonas_maltophilia",NA,484,505,NA,NA,116.8,"yes",NA,NA,NA,NA,NA,NA,NA,NA,NA,NA,NA,NA,NA,NA,NA,NA,NA,NA,NA,NA,NA,NA,NA,NA
"200","Streptococcus agalactiae","Streptococcus_agalactiae",507.4,499.6,NA,NA,NA,NA,"yes",NA,NA,NA,NA,NA,NA,NA,NA,NA,NA,NA,NA,NA,NA,NA,NA,NA,NA,NA,NA,NA,NA,NA,NA
"201","Streptococcus anginosus","Streptococcus_anginosus",544.2,506.3,NA,NA,NA,NA,"yes",NA,NA,NA,NA,NA,NA,NA,NA,NA,NA,NA,NA,NA,NA,NA,NA,NA,NA,NA,NA,NA,NA,NA,NA
"202","Streptococcus caballi","Streptococcus_caballi",524.9,517.3,NA,NA,NA,NA,"yes",NA,NA,NA,NA,NA,NA,NA,NA,NA,NA,NA,NA,NA,NA,NA,NA,NA,NA,NA,NA,NA,NA,NA,NA
"203","Streptococcus castoreus","Streptococcus_castoreus",NA,512.7,NA,NA,NA,NA,"yes",NA,NA,NA,NA,NA,NA,NA,NA,NA,NA,NA,NA,NA,NA,NA,NA,NA,NA,NA,NA,NA,NA,NA,NA
"204","Streptococcus didelphis","Streptococcus_didelphis",NA,506.8,NA,NA,NA,NA,"yes",NA,NA,NA,NA,NA,NA,NA,NA,NA,NA,NA,NA,NA,NA,NA,NA,NA,NA,NA,NA,NA,NA,NA,NA
"205","Streptococcus henryi","Streptococcus_henryi",531.8,507.4,NA,NA,NA,NA,"yes",NA,NA,NA,NA,NA,NA,NA,NA,NA,NA,NA,NA,NA,NA,NA,NA,NA,NA,NA,NA,NA,NA,NA,NA
"206","Streptococcus hyovaginalis","Streptococcus_hyovaginalis",511.8,508,NA,NA,NA,NA,"yes",NA,NA,NA,NA,NA,NA,NA,NA,NA,NA,NA,NA,NA,NA,NA,NA,NA,NA,NA,NA,NA,NA,NA,NA
"207","Streptococcus lutetiensis","Streptococcus_lutetiensis",525.2,511.8,NA,NA,NA,NA,"yes",NA,NA,NA,NA,NA,NA,NA,NA,NA,NA,NA,NA,NA,NA,NA,NA,NA,NA,NA,NA,NA,NA,NA,NA
"208","Streptococcus merionis","Streptococcus_merionis",525.7,520.7,501.5,NA,NA,NA,"yes",NA,NA,NA,NA,NA,NA,NA,NA,NA,NA,NA,NA,NA,NA,NA,NA,NA,NA,NA,NA,NA,NA,NA,NA
"209","Streptococcus mutans","Streptococcus_mutans",518.8,508.6,NA,NA,NA,NA,"yes",NA,NA,NA,NA,NA,NA,NA,NA,NA,NA,NA,NA,NA,NA,NA,NA,NA,NA,NA,NA,NA,NA,NA,NA
"210","Streptococcus oralis","Streptococcus_oralis",523.5,502.2,NA,NA,NA,NA,"yes",NA,NA,NA,NA,NA,NA,NA,NA,NA,NA,NA,NA,NA,NA,NA,NA,NA,NA,NA,NA,NA,NA,NA,NA
"211","Streptococcus ovis","Streptococcus_ovis",522.2,509.6,NA,NA,NA,NA,"yes",NA,NA,NA,NA,NA,NA,NA,NA,NA,NA,NA,NA,NA,NA,NA,NA,NA,NA,NA,NA,NA,NA,NA,NA
"212","Streptococcus parasanguinis","Streptococcus_parasanguinis",524.8,512.7,NA,NA,NA,NA,"yes",NA,NA,NA,NA,NA,NA,NA,NA,NA,NA,NA,NA,NA,NA,NA,NA,NA,NA,NA,NA,NA,NA,NA,NA
"213","Streptococcus plurextorum","Streptococcus_plurextorum",NA,513.9,NA,NA,NA,NA,"yes",NA,NA,NA,NA,NA,NA,NA,NA,NA,NA,NA,NA,NA,NA,NA,NA,NA,NA,NA,NA,NA,NA,NA,NA
"214","Streptococcus porci","Streptococcus_porci",528.4,510,NA,NA,NA,NA,"yes",NA,NA,NA,NA,NA,NA,NA,NA,NA,NA,NA,NA,NA,NA,NA,NA,NA,NA,NA,NA,NA,NA,NA,NA
"215","Streptococcus pyogenes","Streptococcus_pyogenes",NA,512,502.6,NA,NA,NA,"yes",NA,NA,NA,NA,NA,NA,NA,NA,NA,NA,NA,NA,NA,NA,NA,NA,NA,NA,NA,NA,NA,NA,NA,NA
"216","Streptococcus salivarius","Streptococcus_salivarius",526.6,513.7,NA,NA,NA,NA,"yes",NA,NA,NA,NA,NA,NA,NA,NA,NA,NA,NA,NA,NA,NA,NA,NA,NA,NA,NA,NA,NA,NA,NA,NA
"217","Streptococcus sobrinus","Streptococcus_sobrinus",516.8,509.8,NA,NA,NA,NA,"yes",NA,NA,NA,NA,NA,NA,NA,NA,NA,NA,NA,NA,NA,NA,NA,NA,NA,NA,NA,NA,NA,NA,NA,NA
"218","Streptococcus thermophilus","Streptococcus-thermophilus-LMD-9-MAF-2",523,509.7,NA,NA,NA,NA,"yes",NA,NA,NA,NA,NA,NA,NA,NA,NA,NA,NA,NA,NA,NA,NA,NA,NA,NA,NA,NA,NA,NA,NA,NA
"219","Streptococcus thoraltensis","Streptococcus_thoraltensis",518.4,498.4,NA,NA,NA,NA,"yes",NA,NA,NA,NA,NA,NA,NA,NA,NA,NA,NA,NA,NA,NA,NA,NA,NA,NA,NA,NA,NA,NA,NA,NA
"220","Subdoligranulum variabile","Subdoligranulum-variabile-DSM-15176-MAF-2",NA,533.7,NA,NA,NA,NA,"yes",NA,NA,NA,NA,NA,NA,NA,NA,NA,NA,NA,NA,NA,NA,NA,NA,NA,NA,NA,NA,NA,NA,NA,NA
"221","Sutterella wadsworthensis","Sutterella_wadsworthensis",508,443.7,504.2,NA,514.1,NA,"yes",NA,NA,NA,NA,NA,NA,NA,NA,NA,NA,NA,NA,NA,NA,NA,NA,NA,NA,NA,NA,NA,NA,NA,NA
"222","Turicibacter sanguinis","Turicibacter_sanguinis",NA,523.5,NA,NA,NA,NA,"yes",NA,NA,NA,NA,NA,NA,NA,NA,NA,NA,NA,NA,NA,NA,NA,NA,NA,NA,NA,NA,NA,NA,NA,NA
"223","Tyzzerella nexilis","Tyzzerella-nexilis-DSM-1787-MAF-2",494.5,514.6,NA,NA,NA,NA,"yes",NA,NA,NA,NA,NA,NA,NA,NA,NA,NA,NA,NA,NA,NA,NA,NA,NA,NA,NA,NA,NA,NA,NA,NA
"224","Varibaculum cambriense","Varibaculum_cambriense",NA,496.3,NA,NA,NA,NA,"yes",NA,NA,NA,NA,NA,NA,NA,NA,NA,NA,NA,NA,NA,NA,NA,NA,NA,NA,NA,NA,NA,NA,NA,NA
"225","Veillonella parvula","Veillonella_parvula",571.8,517.6,521.4,NA,NA,NA,"yes",889.1,562.7,106.8,150.1,NA,NA,NA,205.5,803.3,"sodium-pumping decarboxylase",NA,NA,NA,NA,NA,NA,NA,NA,NA,NA,NA,NA,NA,"yes"
"226","Veillonella parvula","Veillonella_parvula_strain_NCTC11810",NA,NA,NA,NA,NA,NA,NA,889.1,562.7,106.8,150.1,NA,NA,NA,205.5,803.3,"sodium-pumping decarboxylase",NA,NA,NA,NA,NA,NA,NA,NA,NA,NA,NA,NA,NA,"yes"
"227","Veillonella species","Veillonella-sp-3-1-44-MAF-2",570,518.3,525.3,NA,NA,NA,"yes",889.6,562.4,107.9,150.1,NA,NA,NA,205.5,803.3,"sodium-pumping decarboxylase",NA,NA,NA,NA,NA,NA,NA,NA,NA,NA,NA,NA,NA,"yes"
"228","Veillonella species","Veillonella-sp-6-1-27-MAF-2",565.8,518.3,525.3,NA,NA,NA,"yes",889.4,562.7,106.5,150.1,NA,NA,NA,205.5,803.3,"sodium-pumping decarboxylase",NA,NA,NA,NA,NA,NA,NA,NA,NA,NA,NA,NA,NA,"yes"
"229","Vibrio cincinnatiensis","Vibrio_cincinnatiensis",NA,513.2,587.2,NA,530.4,NA,"yes",NA,NA,NA,NA,NA,NA,NA,NA,NA,NA,NA,NA,NA,NA,NA,NA,NA,NA,NA,NA,NA,NA,NA,NA
