HMP ID,KC number (*),KC best growth media,KC cryostorage media,KC storage additive,KC revival phenotype (media and behavior)(*),HMP species name,Stock Confirmed by 16S sequence,Antibiogram performed,TaxId,GenBank Accession,Number of Genes Identified,Location collected (HMP records + manual fill-in),Isolation (scraped from BEI records),Phylum,Class,Order,Family,Genus/Species (BEI),Strain (BEI),Risk Group,BEI cryostorage media,BEI cryostorage additive,Genus/Species (BEI)
HM-30,KC718,-,MRS,10% Glycerol,-,Bifidobacterium sp. 12_1_47BFAA,Y,,469594,ADCN00000000,2043,gastrointestinal_tract,"isolated from an inflamed sigmoid colon biopsy specimen taken from a 25-year-old female patient with active Crohn's disease in Calgary, Alberta, Canada.",Actinobacteria,Actinobacteria,Bifidobacteriales,Bifidobacteriaceae,Bifidobacterium sp.,12_1_47BFAA,2,0.5X Reinforced Clostridial Broth,10% glycerol,Bifidobacterium sp.
HM-411,KC720,-,MRS,10% Glycerol,-,Bifidobacterium breve EX336960VC18,Y,,858694,,,urogenital_tract,"isolated from a human mid-vaginal wall in March 2010 in Richmond, Virginia.",Actinobacteria,Actinobacteria,Bifidobacteriales,Bifidobacteriaceae,Bifidobacterium breve,EX336960VC18,1,0.5X Reinforced Clostridial Broth,10% glycerol,Bifidobacterium breve
HM-412,KC721,-,MRS,10% Glycerol,-,Bifidobacterium breve EX336960VC19,Y,,858695,,,urogenital_tract,"isolated from a human mid-vaginal wall in March 2010 in Richmond, Virginia.",Actinobacteria,Actinobacteria,Bifidobacteriales,Bifidobacteriaceae,Bifidobacterium breve,EX336960VC19,1,0.5X Reinforced Clostridial Broth,10% glycerol,Bifidobacterium adolescentis
HM-633,KC722,-,MRS,10% Glycerol,-,Bifidobacterium adolescentis L2-32,Y,,411481,AAXD00000000,2428,gastrointestinal_tract,,Actinobacteria,Actinobacteria,Bifidobacteriales,Bifidobacteriaceae,Bifidobacterium adolescentis,L2-32,1,Modified Reinforced Clostridial broth,10% glycerol,Bifidobacterium longum subsp. longum
HM-845,KC723,-,MRS,10% Glycerol,-,Bifidobacterium longum subsp. longum 44B,Y,,1161743,AJTM00000000,2262,gastrointestinal_tract,isolated from a one-year-old human patient.,Actinobacteria,Actinobacteria,Bifidobacteriales,Bifidobacteriaceae,Bifidobacterium longum subsp. longum,44B,1,Modified Reinforced Clostridial broth,10% glycerol,Bifidobacterium angulatum
HM-846,KC724,-,MRS,10% Glycerol,-,Bifidobacterium longum subsp. longum 1-6B,Y,,1161744,AJTF00000000,2425,gastrointestinal_tract,isolated from a six-year-old human patient.,Actinobacteria,Actinobacteria,Bifidobacteriales,Bifidobacteriaceae,Bifidobacterium longum subsp. longum,1-6B,1,0.5X Modified Reinforced Clostridial broth,10% glycerol,Bacteroides sp.
HM-847,KC725,-,MRS,10% Glycerol,-,Bifidobacterium longum subsp. longum 35B,Y,,1161904,AJTI00000000,2260,gastrointestinal_tract,isolated from a one-year-old human patient.,Actinobacteria,Actinobacteria,Bifidobacteriales,Bifidobacteriaceae,Bifidobacterium longum subsp. longum,35B,1,0.5X Modified Reinforced Clostridial broth,10% glycerol,Bacteroides fragilis
HM-848,KC726,-,MRS,10% Glycerol,-,Bifidobacterium longum subsp. longum 2-2B,Y,,1161745,AJTJ00000000,2412,gastrointestinal_tract,isolated from a six-year-old human patient.,Actinobacteria,Actinobacteria,Bifidobacteriales,Bifidobacteriaceae,Bifidobacterium longum subsp. longum,2-2B,1,0.5X Modified Reinforced Clostridial broth,10% glycerol,Bacteroides dorei
HM-856,KC727,-,MRS,10% Glycerol,-,Bifidobacterium breve HPH0326,Y,,1203540,ATCB00000000,2137,gastrointestinal_tract,isolated from a biopsy of ileo-anal pouch mucosa of a human subject in the United States.,Actinobacteria,Actinobacteria,Bifidobacteriales,Bifidobacteriaceae,Bifidobacterium breve,HPH0326,1,0.5X Modified Reinforced Clostridial broth,10% glycerol,Clostridium sp.
HM-868,KC728,-,MRS,10% Glycerol,-,Bifidobacterium sp. MSTE12,Y,,1161409,AZYA00000000,2195,oral,isolated from human dental plaque.,Actinobacteria,Actinobacteria,Bifidobacteriales,Bifidobacteriaceae,Bifidobacterium sp.,MSTE12,2,Modified Reinforced Clostridial broth,10% glycerol,Parabacteroides sp.
HM-1120,KC729,-,MRS,10% Glycerol,-,Bifidobacterium breve JCP7499,Y,,1261072,,,urogenital_tract,"isolated on January 5, 2011, from a clinical vaginal swab collected from a woman that tested positive for bacterial vaginosis (Nugent score = 8) at the Washington University School of Medicine in St.",Actinobacteria,Actinobacteria,Bifidobacteriales,Bifidobacteriaceae,Bifidobacterium breve,JCP7499,1,0.5X Modified Reinforced Clostridial broth,10% glycerol,Ruminococcaceae sp.
HM-1189,KC730,-,MRS,10% Glycerol,-,Bifidobacterium angulatum F16_22,Y,,1357382,,,gastrointestinal_tract,"isolated from human stool in Guelph, Ontario, Canada.",Actinobacteria,Actinobacteria,Bifidobacteriales,Bifidobacteriaceae,Bifidobacterium angulatum,F16_22,1,Reinforced Clostridial broth,10% glycerol,Clostridium innocuum
HM-18 ,KC835,mGAM,TYG,10% DMSO,-,Bacteroides sp. 2_1_22,,,469588,ACPQ00000000,4814,gastrointestinal_tract,"isolated from biopsy tissue taken from the ascending colon of a healthy 54-year old female undergoing a colon cancer screen procedure in Calgary, Alberta, Canada in 2007.",Bacteroidetes,Bacteroidia,Bacteroidales,Bacteroidaceae,Bacteroides sp.,2_1_22,2,0.5X Modified Chopped Meat Medium,10% glycerol,Coprobacillus sp. 
HM-19 ,KC836,mGAM,TYG,10% DMSO,-,Bacteroides sp. 3_1_19,,,469592,ADCJ00000000,4328,gastrointestinal_tract,"isolated from biopsy tissue taken from the transverse colon of a healthy 59-year old female undergoing a colon cancer screen procedure in Calgary, Alberta, Canada in 2007.",Bacteroidetes,Bacteroidia,Bacteroidales,Bacteroidaceae,Bacteroides sp.,3_1_19,2,0.5X Modified Chopped Meat Medium,10% glycerol,Eubacterium sp.
HM-20,KC837,mGAM,TYG,10% DMSO,mGAM blood agar: colonies on D1,Bacteroides fragilis 3_1_12,,,457424,ABZX00000000,4842,gastrointestinal_tract,"isolated from the transverse colon of a healthy 52 year old female undergoing a colon cancer screen procedure in Calgary, Alberta, Canada.",Bacteroidetes,Bacteroidia,Bacteroidales,Bacteroidaceae,Bacteroides fragilis,3_1_12 ,2,Modified Reinforced Clostridial medium,10% glycerol,Clostridiales bacterium
HM-22 ,KC838,mYCFA,TYG,10% DMSO,-,Bacteroides sp. 1_1_30,,,457387,ADCL00000000,5299,gastrointestinal_tract,"isolated in 2007 from healthy biopsy tissue taken from the colon of an adult patient undergoing a colon cancer screen procedure in Calgary, Alberta, Canada.",Bacteroidetes,Bacteroidia,Bacteroidales,Bacteroidaceae,Bacteroides sp.,1_1_30,2,0.5X Modified Reinforced Clostridial broth,10% glycerol,Propionibacterium sp.
HM-23 ,KC839,mYCFA,TYG,10% DMSO,-,Bacteroides sp. 1_1_6,,,469586,ACIC00000000,5429,gastrointestinal_tract,"isolated from the sigmoid colon of a healthy 56-year old male undergoing a colon cancer screen procedure in Calgary, Alberta, Canada.",Bacteroidetes,Bacteroidia,Bacteroidales,Bacteroidaceae,Bacteroides sp.,1_1_6,2,0.5X Modified Chopped Meat Medium,10% glycerol,Bacteroides eggerthii
HM-27 ,KC840,mYCFA,TYG,10% DMSO,-,Bacteroides sp. 9_1_42FAA,,,457395,ACAA00000000,4532,gastrointestinal_tract,"isolated in 2007 from biopsy tissue taken from the duodenum of a 47-year-old female patient with microscopic colitis in Calgary, Alberta, Canada.",Bacteroidetes,Bacteroidia,Bacteroidales,Bacteroidaceae,Bacteroides sp.,9_1_42FAA,2,0.5X Modified Reinforced Clostridial broth,10% glycerol,Bacteroides ovatus
HM-28 ,"KC841,KC842",mYCFA,TYG,10% DMSO,-,Bacteroides sp. D2,,,556259,ACGA00000000,5200,gastrointestinal_tract,"isolated from biopsy tissue taken from the rectum of a healthy 44-year old female undergoing a colon cancer screen procedure in Calgary, Alberta, Canada.",Bacteroidetes,Bacteroidia,Bacteroidales,Bacteroidaceae,Bacteroides sp.,D2,2,0.5X Modified Chopped Meat Medium,10% glycerol,Bacillus smithii
HM-29 ,"KC843,KC844",mGAM,TYG,10% DMSO,(843) mGAM blood agar: colonies in heavy streak on D3 ,Bacteroides dorei 5_1_36/D4,,,556260,ACDI00000000,4422,gastrointestinal_tract,"isolated in 2007 from inflamed biopsy tissue taken from the terminal ileum of a 45-year-old male patient with Crohn's disease in Calgary, Alberta, Canada.",Bacteroidetes,Bacteroidia,Bacteroidales,Bacteroidaceae,Bacteroides dorei,5_1_36/D4,1,0.5X Modified Chopped Meat medium,10% glycerol,Clostridium orbiscindens
HM-36 ,KC845,mYCFA,RCM,10% DMSO,-,Clostridium sp. 7_2_43FAA,,,457396,ACDK00000000,3392,gastrointestinal_tract,,Firmicutes,Clostridia,Clostridiales,Clostridiaceae,Clostridium sp.,7_2_43FAA,2,0.5X Modified Reinforced Clostridial Broth,10% glycerol,Collinsella sp.
HM-58 ,KC846,mGAM,TYG,10% DMSO,mGAM blood agar: colonies on D1,Bacteroides sp. 2_1_16,,,469587,ACPP00000000,4683,gastrointestinal_tract,"isolated in 2007 from healthy biopsy tissue taken from the descending colon of a 58-year-old female patient undergoing a colonoscopy as part of a colon cancer screen procedure in Calgary, Alberta, Canada.",Bacteroidetes,Bacteroidia,Bacteroidales,Bacteroidaceae,Bacteroides sp.,2_1_16,2,0.5X Modified Reinforced Clostridial broth,10% glycerol,Clostridium clostridioforme
HM-77 ,KC847,mGAM,TYG,10% DMSO,mGAM blood agar: colonies in heavy streak on D3,Parabacteroides sp. D13,,,563193,ACPW00000000,4562,gastrointestinal_tract,isolated from inflamed biopsy tissue taken from the colon of a 27-year-old female patient with active ulcerative colitis in 2007.,Bacteroidetes,Bacteroidia,Bacteroidales,Porphyromonadaceae,Parabacteroides sp.,D13,2,0.5X Modified Chopped Meat Medium,10% glycerol,Clostridium aldenense
HM-79 ,KC848,mRCM,RCM,10% DMSO,mRCM blood agar: colonies on D1,Ruminococcaceae bacterium D16,,,552398,ADDX00000000,2994,gastrointestinal_tract,"isolated in 2007 from the ascending colon of a 57-year-old male patient undergoing a colonoscopy as part of a colon cancer screen procedure in Calgary, Alberta, Canada.",Firmicutes,Clostridia,Clostridiales,Ruminococcaceae,Ruminococcaceae sp.,D16,2,0.5X Tryptic Soy broth with hemin (5 µg/mL) and menadione (1 µg/mL),10% glycerol,Clostridium hathewayi
HM-173 ,KC849,mRCM,RCM,10% DMSO,mRCM blood agar: colonies on D1,Clostridium innocuum 6_1_30,,,450752,,0,gastrointestinal_tract,"isolated from the colon of a patient undergoing a colon cancer screen procedure in Calgary, Alberta, Canada in 2007.",Firmicutes,Erysipelotrichia,Erysipelotrichales,Erysipelotrichaceae,Clostridium innocuum,6_1_30,2,0.5X Modified Reinforced Clostridial Broth,10% glycerol,Clostridium symbiosum
HM-176 ,KC850,mYCFA,RCM,10% DMSO,-,Coprobacillus sp. 8_2_54BFAA,,,469597,ACTG00000000,3641,gastrointestinal_tract,"isolated in 2007 from inflamed biopsy tissue taken from the gut of a 74-year-old male patient with Crohn's disease in Calgary, Alberta, Canada.",Firmicutes,Erysipelotrichia,Erysipelotrichales,Erysipelotrichaceae,Coprobacillus sp. , 8_2_54BFAA,2,0.5X Supplemented Tryptic Soy broth,10% glycerol,Clostridium perfringens
HM-178 ,KC851,mYCFA,RCM,10% DMSO,mYCFA blood agar: colonies on D1,Eubacterium sp. 3_1_31,,,457402,ACTL00000000,2873,gastrointestinal_tract,"isolated from inflamed biopsy tissue taken from the ascending colon of a 25-year-old female patient with Crohn's disease in Calgary, Alberta, Canada, in 2007.",Firmicutes,Clostridia,Clostridiales,Eubacteriaceae,Eubacterium sp.,3_1_31,2,0.5X Modified Chopped Meat Medium,10% glycerol,Clostridium citroniae
HM-182 ,KC852,mYCFA,RCM,10% DMSO,mYCFA blood agar: colonies on D1,Lachnospiraceae bacterium 6_1_37FAA,,,658656,ADCR00000000,2950,gastrointestinal_tract,"isolated in 2007 from noninflamed biopsy tissue taken from the ascending colon of a 71-year-old female patient with indeterminate colitis in Calgary, Alberta, Canada.",Firmicutes,Clostridia,Clostridiales,Lachnospiraceae,Clostridiales bacterium,4_1_37FAA,2,Modified Reinforced Clostridial broth,5% dimethylsulfoxide,Clostridium bolteae
HM-184 ,KC853,mGAM,RCM,10% DMSO,mGAM blood agar: colonies on D3,Propionibacterium sp. 5_U_42AFAA,,,450748,ACUE00000000,2376,gastrointestinal_tract,"isolated in 2007 from inflamed biopsy tissue taken from the duodenum of a 48-year-old female patient with microscopic colitis in Calgary, Alberta, Canada.",Actinobacteria,Actinobacteria,Propionibacteriales,Propionibacteriaceae,Propionibacterium sp.,5_U_42FAA,2,0.5X Modified Reinforced Clostridial Broth,10% glycerol,Bacteroides vulgatus
HM-189 ,KC854,mYCFA,TYG,10% DMSO,mYCFA blood agar: colonies on D3,Bacteroides sp. D20,,,585543,ACPT00000000,3715,gastrointestinal_tract,"isolated in 2007 from inflamed biopsy tissue taken from the transverse colon of a 59-year-old female patient with active Crohn's disease in Calgary, Alberta, Canada.",Bacteroidetes,Bacteroidia,Bacteroidales,Bacteroidaceae,Bacteroides sp.,D20,2,0.5X Modified Reinforced Clostridial broth,10% glycerol,Bacteroides salyersiae
HM-210 ,KC855,mYCFA,TYG,10% DMSO,mGAM blood agar: colonies on D3,Bacteroides eggerthii 1_2_48FAA,,,665953,ACWG00000000,3924,gastrointestinal_tract,isolated from inflamed biopsy tissue taken from the gastrointestinal tract of a 25-year-old male patient with symptoms of irritable bowel syndrome.,Bacteroidetes,Bacteroidia,Bacteroidales,Bacteroidaceae,Bacteroides eggerthii,1_2_48FAA,2,0.5X Modified Chopped Meat Medium,10% glycerol,Bacteroides cellulosilyticus
HM-222 ,KC856,mYCFA,TYG,10% DMSO,mGAM blood agar: colonies on D3,Bacteroides ovatus 3_8_47FAA,,,665954,ACWH00000000,5090,gastrointestinal_tract,isolated from inflamed biopsy tissue taken from the sigmoid colon of a 25-year-old female patient with Crohn's disease.,Bacteroidetes,Bacteroidia,Bacteroidales,Bacteroidaceae,Bacteroides ovatus,3_8_47FAA,2,0.5X Modified Chopped Meat Medium,10% glycerol,Bacteroides finegoldii
HM-229 ,KC857,no growth (maybe RCM),GAM,10% DMSO,-,Bacillus smithii 7_3_47FAA,,,665952,ACWF00000000,3294,gastrointestinal_tract,"isolated in 2007 from an inflamed sigmoid colon biopsy specimen taken from a 25-year-old female patient with Crohn's disease in Calgary, Alberta, Canada.",Firmicutes,Bacilli,Bacillales,Bacillaceae,Bacillus smithii,7_3_47FAA,2,0.5X Tryptic Soy Broth,10% glycerol,Bacteroides caccae
HM-287 ,KC858,mRCM,RCM,10% DMSO,-,Clostridium sp. HGF2,,,908340,AENW00000000,4201,gastrointestinal_tract,,Firmicutes,Clostridia,Clostridiales,Clostridiaceae,Clostridium sp.,HGF2,2,0.5X Modified Reinforced Clostridial Broth,10% glycerol,Parabacteroides merdae
HM-303 ,KC859,mGAM (poor growth),RCM,10% DMSO,mGAM blood agar: colonies on D1,,,,742738,ADLO00000000,4335,gastrointestinal_tract,isolated from healthy tissue taken from the descending colon of a 19-year-old female with Crohn's disease.,Firmicutes,Clostridia,Clostridiales,,Clostridium orbiscindens,1_3_50AFAA,1,Modified Chopped Meat medium,10% glycerol,Parabacteroides johnsonii
HM-304 ,KC860,mYCFA,RCM,10% DMSO,mYCFA blood agar: colonies on D1,Collinsella sp. 4_8_47FAA,,,742722,ADLA00000000,2041,gastrointestinal_tract,isolated from inflamed biopsy tissue taken from the sigmoid colon of a 25-year-old female patient with Crohn's disease.,Actinobacteria,Coriobacteriia,Coriobacteriales,Coriobacteriaceae,Collinsella sp., 4_8_47FAA,2,0.5X Modified Chopped Meat Medium,10% glycerol,Coprococcus sp.
HM-306 ,KC861,mRCM,RCM,10% DMSO,mRCM blood agar: colonies on D1,Clostridium clostridioforme 2_1_49FAA,,,742735,ADLL00000000,5256,gastrointestinal_tract,isolated from inflamed biopsy tissue taken from the cecum of a 28-year-old male patient with ulcerative colitis.,Firmicutes,Clostridia,Clostridiales,Lachnospiraceae,Clostridium clostridioforme, 2_1_49FAA,1,0.5X Modified Reinforced Clostridial Broth,10% glycerol,Bacteroides stercoris
HM-307 ,KC862,mRCM,RCM,10% DMSO,"mRCM blood agar: pinpricks D1, colonies D3",Clostridium aldenense WAL-18727,,,742731,,0,gastrointestinal_tract,isolated from the stool of a sister of an autistic child.,Firmicutes,Clostridia,Clostridiales,Lachnospiraceae,Clostridium aldenense, WAL-18727,2,0.5X Modified Reinforced Clostridial Broth,10% glycerol,Clostridium cadaveris
HM-308 ,KC863,mGAM,RCM,10% DMSO,mGAM blood agar: colonies on D1,Clostridium hathewayi WAL-18680,,,742737,ADLN00000000,5183,gastrointestinal_tract,isolated from the stool of an autistic male child.,Firmicutes,Clostridia,Clostridiales,Clostridiaceae,Clostridium hathewayi,WAL-18680,2,0.5X Modified Reinforced Clostridial Broth,10% glycerol,Lactobacillus reuteri
HM-309 ,KC864,mRCM,RCM,10% DMSO,"mRCM blood agar: pinpricks D1, colonies D3",Clostridium symbiosum WAL-14163,,,742740,ADLQ00000000,4688,gastrointestinal_tract,isolated from the stool of an autistic male child.,Firmicutes,Clostridia,Clostridiales,Lachnospiraceae,Clostridium symbiosum,WAL-14163,1,0.5X Modified Chopped Meat Medium,10% glycerol,Lactobacillus rhamnosus
HM-310 ,KC865,mRCM,RCM,10% DMSO,mRCM blood agar: colonies on D1,Clostridium perfringens WAL-14572,,,742739,ADLP00000000,3183,gastrointestinal_tract,isolated from human feces.,Firmicutes,Clostridia,Clostridiales,Clostridiaceae,Clostridium perfringens, WAL-14572,2,0.5X Modified Reinforced Clostridial Broth,10% glycerol,Lachnospiraceae sp.
HM-315 ,KC866,mGAM,RCM,10% DMSO,mGAM blood agar: colonies on D1,Clostridium citroniae WAL-17108,,,742733,ADLJ00000000,6079,gastrointestinal_tract,isolated from the stool of an autistic boy.,Firmicutes,Clostridia,Clostridiales,Lachnospiraceae,Clostridium citroniae, WAL-17108,2,0.5X Modified Reinforced Clostridial Broth,10% glycerol,Enterococcus faecalis
HM-317 ,KC867,mRCM,RCM,10% DMSO,-,Clostridium clostridioforme WAL-7855,,,742736,ADLM00000000,5224,gastrointestinal_tract,isolated from the appendix of an adult male with appendicitis.,Firmicutes,Clostridia,Clostridiales,Lachnospiraceae,Clostridium clostridioforme,WAL-7855,1,0.5X Reinforced Clostridial Broth,10% glycerol,Enterococcus faecium
HM-318 ,KC868,mRCM,RCM,10% DMSO,-,Clostridium bolteae WAL-14578,,,742732,ADLI00000000,6063,gastrointestinal_tract,,Firmicutes,Clostridia,Clostridiales,Lachnospiraceae,Clostridium bolteae, WAL-14578,2,0.5X Modified Chopped Meat Medium,10% glycerol,Anaerostipes sp.
HM-319 ,KC869,mRCM,RCM,10% DMSO,-,Clostridium symbiosum WAL-14673,,,742741,ADLR00000000,4194,gastrointestinal_tract,isolated from the stool of a normal male child.,Firmicutes,Clostridia,Clostridiales,Lachnospiraceae,Clostridium symbiosum,WAL-14673,1,0.5X Modified Reinforced Clostridial Broth,10% glycerol,Fusobacterium sp.
HM-635 ,KC870,no growth,RCM,10% DMSO,-,Clostridium sp. M62/1,,,411486,ACFX00000000,4164,gastrointestinal_tract,,Firmicutes,Clostridia,Clostridiales,Clostridiaceae,Clostridium sp.,M62/1,2,0.5X Modified Reinforced Clostridial Broth,10% glycerol,Facklamia sp.
HM-709 ,KC871,mGAM,TYG,10% DMSO,mGAM blood agar: colonies on D3,Bacteroides fragilis CL07T00C01,,,997882,AGXM00000000,4590,gastrointestinal_tract,"isolated from healthy adult feces in Boston, Massachusetts, USA.",Bacteroidetes,Bacteroidia,Bacteroidales,Bacteroidaceae,Bacteroides fragilis,CL07T00C01,2,0.5X Modified Reinforced Clostridial Broth,10% glycerol,Fusobacterium nucleatum
HM-710 ,"KC872,KC873",mGAM,TYG,10% DMSO,-,Bacteroides fragilis CL07T12C05,,,997883,AGXN00000000,4605,gastrointestinal_tract,"isolated from healthy adult human feces in Boston, Massachusetts, USA.",Bacteroidetes,Bacteroidia,Bacteroidales,Bacteroidaceae,Bacteroides fragilis,CL07T12C05,2,0.5X Modified Reinforced Clostridial broth,10% glycerol,Blautia sp.
HM-711 ,KC874,mGAM,TYG,10% DMSO,-,Bacteroides fragilis CL05T00C42,,,997880,AGXO00000000,4429,gastrointestinal_tract,"isolated from healthy adult feces in Boston, Massachusetts, USA.",Bacteroidetes,Bacteroidia,Bacteroidales,Bacteroidaceae,Bacteroides fragilis,CL05T00C42,2,0.5X Modified Chopped Meat medium,10% glycerol,Granulicatella adiacens
HM-714 ,KC875,mGAM,TYG,10% DMSO,-,Bacteroides fragilis CL03T12C07,,,997879,AGXL00000000,4367,gastrointestinal_tract,"isolated from healthy adult human feces in Boston, Massachusetts, USA.",Bacteroidetes,Bacteroidia,Bacteroidales,Bacteroidaceae,Bacteroides fragilis,CL03T12C07,2,0.5X Modified Reinforced Clostridial broth,10% glycerol,Ruminococcus lactaris
HM-717 ,KC876,mRCM,TYG,10% DMSO,mGAM blood agar: colonies on D3,Bacteroides dorei CL02T00C15,,,997875,AGXH00000000,5197,gastrointestinal_tract,"isolated from healthy adult human feces in Boston, Massachusetts, USA.",Bacteroidetes,Bacteroidia,Bacteroidales,Bacteroidaceae,Bacteroides dorei,CL02T00C15,1,0.5X Modified Chopped Meat medium,10% glycerol,Streptococcus parasanguinis
HM-718 ,KC877,mGAM,TYG,10% DMSO,-,Bacteroides dorei CL03T12C01,,,997877,AGXI00000000,4417,gastrointestinal_tract,"isolated from healthy adult human feces in Boston, Massachusetts, USA.",Bacteroidetes,Bacteroidia,Bacteroidales,Bacteroidaceae,Bacteroides dorei,CL03T12C01,1,0.5X Modified Reinforced Clostridial broth,10% glycerol,Streptococcus sanguinis
HM-719 ,KC878,mRCM,TYG,10% DMSO,-,Bacteroides dorei CL02T12C06,,,997876,AGXJ00000000,5196,gastrointestinal_tract,"isolated from healthy adult human feces in Boston, Massachusetts, USA.",Bacteroidetes,Bacteroidia,Bacteroidales,Bacteroidaceae,Bacteroides dorei,CL02T12C06,1,0.5X Modified Reinforced Clostridial broth,10% glycerol,Catabacter hongkongensis
HM-720 ,KC879,mGAM,TYG,10% DMSO,mGAM blood agar: colonies on D3,Bacteroides vulgatus CL09T03C04,,,997891,AGXZ00000000,4041,gastrointestinal_tract,"isolated from healthy adult human feces in Boston, Massachusetts, USA.",Bacteroidetes,Bacteroidia,Bacteroidales,Bacteroidaceae,Bacteroides vulgatus,CL09T03C04,2,Modified Reinforced Clostridial broth,10% glycerol,Acidaminococcus sp.
HM-725 ,KC880,mYCFA,TYG,10% DMSO,mGAM blood agar: colonies on D3,Bacteroides salyersiae CL02T12C01,,,997887,AGXV00000000,4588,gastrointestinal_tract,"isolated from healthy adult human feces in Boston, Massachusetts, USA.",Bacteroidetes,Bacteroidia,Bacteroidales,Bacteroidaceae,Bacteroides salyersiae,CL02T12C01,2,0.5X Modified Reinforced Clostridial broth,10% glycerol,Bacillus sp.
HM-726 ,KC881,mYCFA,TYG,10% DMSO,mGAM blood agar: colonies on D3,Bacteroides cellulosilyticus CL02T12C19,,,997874,AGXG00000000,6366,gastrointestinal_tract,"isolated from healthy adult human feces in Boston, Massachusetts, USA.",Bacteroidetes,Bacteroidia,Bacteroidales,Bacteroidaceae,Bacteroides cellulosilyticus,CL02T12C19,1,0.5X Modified Reinforced Clostridial broth,10% glycerol,Dermabacter sp.
HM-727 ,KC882,mYCFA,TYG,10% DMSO,mGAM blood agar: colonies in heavy streak on D3,Bacteroides thetaiotaomicron CL09T03C10,,,997888,AGXW00000000,4201,gastrointestinal_tract,"isolated from healthy adult human feces in Boston, Massachusetts, USA.",Bacteroidetes,Bacteroidia,Bacteroidales,Bacteroidaceae,Bacteroides finegoldii,CL09T03C10,1,0.5X Modified Reinforced Clostridial broth,10% glycerol, Oscillibacter sp.
HM-728 ,KC883,mYCFA,TYG,10% DMSO,mGAM blood agar: colonies in heavy streak on D3,Bacteroides caccae CL03T12C61,,,997873,AGXF00000000,4587,gastrointestinal_tract,"isolated from healthy adult human feces in Boston, Massachusetts, USA.",Bacteroidetes,Bacteroidia,Bacteroidales,Bacteroidaceae,Bacteroides caccae,CL03T12C61,2,0.5X Modified Reinforced Clostridial broth,10% glycerol,Atopobium parvulum
HM-729 ,KC884,mYCFA,TYG,10% DMSO,mGAM blood agar: colonies on D1,Parabacteroides merdae CL09T00C40,,,999421,AJPU00000000,3703,gastrointestinal_tract,"isolated from healthy adult human feces in Boston, Massachusetts, USA.",Bacteroidetes,Bacteroidia,Bacteroidales,Porphyromonadaceae,Parabacteroides merdae,CL09T00C40,2,0.5X Modified Reinforced Clostridial broth,10% glycerol,Paenibacillus barengoltzii
HM-730 ,KC885,mGAM,TYG,10% DMSO,-,Parabacteroides merdae CL03T12C32,,,999420,AGZQ00000000,4134,gastrointestinal_tract,"isolated from healthy adult human feces in Boston, Massachusetts, USA.",Bacteroidetes,Bacteroidia,Bacteroidales,Porphyromonadaceae,Parabacteroides merdae,CL03T12C32,2,0.5X Modified Chopped Meat medium,10% glycerol,Peptostreptococcus sp.
HM-731 ,KC886,mYCFA,TYG,10% DMSO,"mGAM blood agar: pinpricks D1, colonies D3",Parabacteroides johnsonii CL02T12C29,,,999419,AGZP00000000,3758,gastrointestinal_tract,"isolated from healthy adult human feces in Boston, Massachusetts, USA.",Bacteroidetes,Bacteroidia,Bacteroidales,Porphyromonadaceae,Parabacteroides johnsonii,CL02T12C29,1,0.5X Modified Trypticase Yeast Peptone Extract medium,10% glycerol,Prevotella oralis
HM-794 ,KC887,mGAM,RCM,10% DMSO,"mGAM blood agar: pinpricks D1, colonies D3",Coprococcus sp. HPP0048,,,1078091,AGEW00000000,2604,gastrointestinal_tract,isolated from a biopsy of ileal-anal pouch mucosa of a human subject.,Firmicutes,Clostridia,Clostridiales,Lachnospiraceae,Coprococcus sp.,HPP0048,2,Chopped Meat Carbohydrate medium,10% glycerol,Citrobacter sp.
HM-1033 ,KC888,mRCM,RCM,10% DMSO,"mRCM blood agar: pinpricks D1, colonies D3",Clostridium sp. KLE 1755,,,1226325,,,gastrointestinal_tract,"isolated on May 21, 2012, from a human fecal sample from an anonymous healthy male donor in Boston, Massachusetts, USA.",Firmicutes,Clostridia,Clostridiales,Clostridiaceae,Clostridium sp.,KLE 1755,2,Modified Reinforced Clostridial broth,10% glycerol,Veillonella sp.
HM-1036 ,KC889,mYCFA,TYG,10% DMSO,mGAM blood agar: colonies in heavy streak on D3,Bacteroides stercoris CC31F,,,1073351,ATFP00000000,3477,gastrointestinal_tract,"isolated in October 2010 from colonic biopsy tissue of a human subject in Victoria, British Columbia, Canada.",Bacteroidetes,Bacteroidia,Bacteroidales,Bacteroidaceae,Bacteroides stercoris,CC31F,2,0.5X Modified Reinforced Clostridial broth,10% glycerol,Fusobacterium ulcerans
HM-1038 ,KC890,mRCM,RCM,10% DMSO,mRCM blood agar: colonies on D1,Clostridium bolteae CC43_001B,,,1073368,,0,gastrointestinal_tract,"isolated in October 2010 from colonic biopsy tissue of a human subject in Victoria, British Columbia, Canada.",Firmicutes,Clostridia,Clostridiales,Lachnospiraceae,Clostridium bolteae,CC43_001B,2,Modified Reinforced Clostridial broth,10% glycerol,Fusobacterium nucleatum subsp. animalis
HM-1040 ,KC891,mGAM,RCM,10% DMSO,-,Clostridium sp. CC44_001G,,,1073356,,0,gastrointestinal_tract,"isolated in October 2010 from colonic biopsy tissue of a human subject in Victoria, British Columbia, Canada.",Firmicutes,Clostridia,Clostridiales,Clostridiaceae,Clostridium cadaveris,CC44_001G,2,Modified Chopped Meat medium,10% glycerol,Coprobacillus sp.
HM-1041 ,KC892,mRCM,RCM,10% DMSO,-,Clostridium sp. CC88A,,,1073357,,0,gastrointestinal_tract,"isolated in October 2010 from colonic biopsy tissue of a human subject in Victoria, British Columbia, Canada.",Firmicutes,Clostridia,Clostridiales,Clostridiaceae,Clostridium cadaveris,CC88A,2,Modified Chopped Meat medium,10% glycerol,Phascolarctobacterium sp.
HM-84 ,KC893,mGAM,mGAM,10% DMSO,"mGAM blood agar: pinprick D1, colonies D3",Clostridium sp. D5,,,556261,ADBG00000000,4553,gastrointestinal_tract,,Firmicutes,Clostridia,Clostridiales,Clostridiaceae,Clostridiales bacterium,Strain 3_1_39B/D5,2,Modified Reinforced Clostridial Broth,10% glycerol,Erysipelotrichaceae sp.
HM-102 ,KC894,mGAM,mGAM,10% DMSO,MRS agar: colonies D1,Lactobacillus reuteri CF48-3A,,,525341,ACHG00000000,2164,gastrointestinal_tract,isolated from the feces of a healthy Finnish child.,Firmicutes,Bacilli,Lactobacillales,Lactobacillaceae,Lactobacillus reuteri,CF48-3A,1,0.5X Lactobacilli MRS Broth,10% glycerol,Arcobacter butzleri
HM-106 ,KC895,mGAM,mGAM,10% DMSO,MRS agar: colonies D1,Lactobacillus rhamnosus LMS2-1,,,525361,ACIZ00000000,3155,gastrointestinal_tract,,Firmicutes,Bacilli,Lactobacillales,Lactobacillaceae,Lactobacillus rhamnosus,LMS2-1,1,0.5X Lactobacilli MRS Broth,10% glycerol,Citrobacter freundii
HM-150 ,KC896,mYCFA,mYCFA,10% DMSO,mGAM blood agar: colonies in heavy streak D1,Lachnospiraceae bacterium 6_1_63FAA,,,658083,ACTV00000000,2621,gastrointestinal_tract,,Firmicutes,Clostridia,Clostridiales,Lachnospiraceae,Lachnospiraceae sp.,6_1_63FAA,2,0.5X Trypticase-Yeast Extract (TY) broth,10% glycerol,Sutterella wadsworthensis
HM-153 ,KC897,mGAM,mGAM,10% DMSO,mGAM blood agar: colonies on D3,Lachnospiraceae bacterium 7_1_58FAA,,,658087,ACTW00000000,5907,gastrointestinal_tract,,Firmicutes,Clostridia,Clostridiales,Lachnospiraceae,Lachnospiraceae sp.,7_1_58FAA,2,0.5X Trypticase-Yeast Extract broth,10% glycerol,Anaerococcus lactolyticus
HM-154 ,KC898,mGAM,mGAM,10% DMSO,-,Lachnospiraceae bacterium 2_1_58FAA,,,658082,ACTO00000000,3534,gastrointestinal_tract,,Firmicutes,Clostridia,Clostridiales,Lachnospiraceae,Lachnospiraceae sp.,2_1_58FAA,2,0.5X Trypticase-Yeast Extract broth,10% glycerol,Capnocytophaga sputigena
HM-157 ,"KC899,KC900",mGAM,mGAM,10% DMSO,-,Lachnospiraceae bacterium 5_1_57FAA,,,658085,ACTR00000000,3371,gastrointestinal_tract,,Firmicutes,Clostridia,Clostridiales,Lachnospiraceae,Lachnospiraceae sp.,5_1_57FAA,2,0.5X Modified Trypticase-Yeast Extract Broth,10% glycerol,Parabacteroides goldsteinii
HM-161 ,KC901,mBHI,mBHI,10% DMSO,mGAM blood agar: colonies in heavy streak D1,Lachnospiraceae bacterium 1_4_56FAA,,,658655,ACTN00000000,3191,gastrointestinal_tract,,Firmicutes,Clostridia,Clostridiales,Lachnospiraceae,Lachnospiraceae sp.,1_4_56FAA,2,0.5X Trypticase-Yeast Extract broth,10% glycerol,Rothia mucilaginosa
HM-202 ,KC902,mGAM,mGAM,10% DMSO,mGAM blood agar: colonies D1,Enterococcus faecalis TX1322,,,525278,ACGM00000000,3006,gastrointestinal_tract,"isolated in 1994 from the feces of a community volunteer at Hermann Hospital in Houston, Texas.",Firmicutes,Bacilli,Lactobacillales,Enterococcaceae,Enterococcus faecalis,TX1322,2,0.5X Brain Heart Infusion Broth,10% glycerol,Solobacterium moorei
HM-204 ,KC903,mGAM,mGAM,10% DMSO,mGAM blood agar: colonies D1,Enterococcus faecium TX1330,,,525279,ACHL00000000,2777,gastrointestinal_tract,"isolated in 1994 from the feces of a healthy community volunteer at Hermann Hospital in Houston, Texas.",Firmicutes,Bacilli,Lactobacillales,Enterococcaceae,Enterococcus faecium,TX1330,2,0.5X Brain Heart Infusion Broth,15% glycerol,Varibaculum cambriense
HM-220 ,"KC904,KC905",mRCM,mRCM,10% DMSO,(904) mRCM blood agar: colonies on D1,Anaerostipes sp. 3_2_56FAA,,,665937,ACWB00000000,3369,gastrointestinal_tract,isolated from inflamed biopsy tissue taken from the gastrointestinal tract of a 29-year-old female patient with Crohn's disease.,Firmicutes,Clostridia,Clostridiales,Lachnospiraceae,Anaerostipes sp., 3_2_56FAA,2,0.5X Modified Reinforced Clostridial Broth,10% glycerol,Faecalibacterium prausnitzii
HM-42 ,KC906,RCM,RCM,10% DMSO,"mRCM blood agar: pinpricks D1, colonies D3",Fusobacterium sp. 2_1_31,,,469599,ACDC00000000,2375,gastrointestinal_tract,"isolated in 2007 from inflamed biopsy tissue taken from the ascending colon of a 25-year-old female patient with active Crohn's disease in Calgary, Alberta, Canada.",Fusobacteria,Fusobacteriia,Fusobacteriales,Fusobacteriaceae,Fusobacterium sp.,2_1_31,2,0.5X Modified Chopped Meat Medium,10% glycerol,Oxalobacter formigenes
HM-289 ,KC907,mGAM,mGAM,10% DMSO,mGAM blood agar: colonies on D3,Facklamia sp. HGF4,,,,,,gastrointestinal_tract,,Firmicutes,Bacilli,Lactobacillales,Aerococcaceae,Facklamia sp.,HGF4,2,Brain Heart Infusion broth,10% glycerol,Lactobacillus crispatus
HM-432 ,KC908,mGAM,mGAM,10% DMSO,-,Enterococcus faecalis TX2137,,,749491,AEBQ00000000,3000,gastrointestinal_tract,isolated from a human gastrointestinal tract.,Firmicutes,Bacilli,Lactobacillales,Enterococcaceae,Enterococcus faecalis,TX2137,2,0.5X Brain Heart Infusion broth,15% glycerol,Lactobacillus gasseri
HM-992 ,KC909,mYCFA,RCM,10% DMSO,-,Fusobacterium nucleatum CTI-1,,,1204474,AXNZ00000000,2274,gastrointestinal_tract,"isolated in 2012 from colonic tumor tissue from a human patient with colorectal carcinoma in Massachusetts, USA.",Fusobacteria,Fusobacteriia,Fusobacteriales,Fusobacteriaceae,Fusobacterium nucleatum,CTI-01,2,Modified Chopped Meat medium,10% glycerol,Lactobacillus jensenii
HM-793 ,KC910,mGAM,mGAM,10% DMSO,-,Coprococcus sp. HPP0074,,,1078090,AGEV00000000,2863,gastrointestinal_tract,,Firmicutes,Clostridia,Clostridiales,Lachnospiraceae,Clostridiales bacterium,HPP0074,2,Chopped Meat Carbohydrate medium,10% glycerol,Prevotella nigrescens
HM-970 ,KC911,mGAM,mGAM,10% DMSO,mGAM blood agar: colonies D1,Enterococcus faecium ERV165,,,1134822,AMAV00000000,3082,gastrointestinal_tract,"isolated from human feces collected in Colombia, in 2008.",Firmicutes,Bacilli,Lactobacillales,Enterococcaceae,Enterococcus faecium,ERV165,2,0.5X Brain Heart Infusion broth,10% glycerol,Porphyromonas sp.
HM-1032 ,KC912,mYCFA,mYCFA,10% DMSO,not revived successfully,Blautia sp. KLE 1732,,,1226324,AWSY00000000,3783,gastrointestinal_tract,"isolated on March 20, 2012, from a human fecal sample from an anonymous healthy male donor in Boston, Massachusetts, USA.",Firmicutes,Clostridia,Clostridiales,Lachnospiraceae,Blautia sp.,KLE 1732,2,Modified Reinforced Clostridial broth,10% glycerol,Acinetobacter radioresistens
HM-1039 ,"KC913,KC914",mGAM,mGAM,10% DMSO,(913) mGAM blood agar: colonies on D1,Clostridium sp. CC40_001C,,,1073355,,0,gastrointestinal_tract,"isolated in October 2010 from colonic biopsy tissue of a human subject in Victoria, British Columbia, Canada.",Firmicutes,Clostridia,Clostridiales,Clostridiaceae,Clostridium cadaveris,CC40_001C,2,Modified Reinforced Clostridial broth,10% glycerol,Actinomyces johnsonii
HM-1047 ,KC915,mGAM,mGAM,10% DMSO,mGAM blood agar: colonies on D3,Granulicatella sp. CC94D,,,1073361,,0,gastrointestinal_tract,"isolated in October 2010 from colonic biopsy tissue of a human subject in Victoria, British Columbia, Canada.",Firmicutes,Bacilli,Lactobacillales,Carnobacteriaceae,Granulicatella adiacens,CC94D,2,,,Porphyromonas gingivalis
HM-1057 ,KC916,,mYCFA,10% DMSO,mYCFA blood agar: colonies on D1,Ruminococcaceae bacterium CC59_002D,,,1073376,AZJE00000000,2765,gastrointestinal_tract,"isolated in October 2010 from colonic biopsy tissue of a human subject in Victoria, British Columbia, Canada.",Firmicutes,Clostridia,Clostridiales,Ruminococcaceae,Ruminococcus lactaris,CC59_002D,1,Rumen Fluid-Glucose-Cellobiose medium,10% glycerol,Megasphaera sp.
HM-1060 ,KC917,mGAM,mGAM,10% DMSO,mGAM blood agar: colonies D1,Streptococcus sp. CC87K,,,1073372,AZJD00000000,2067,gastrointestinal_tract,"isolated in October 2010 from colonic biopsy tissue of a human subject in Victoria, British Columbia, Canada.",Firmicutes,Bacilli,Lactobacillales,Streptococcaceae,Streptococcus parasanguinis,CC87K,2,Brain Heart Infusion broth,10% glycerol,Prevotella bivia
HM-1061 ,KC918,mGAM,mGAM,10% DMSO,mGAM blood agar: colonies D1,Streptococcus sp. CC94A,,,1073373,AZJC00000000,2380,gastrointestinal_tract,"isolated in October 2010 from colonic biopsy tissue of a human subject in Victoria, British Columbia, Canada.",Firmicutes,Bacilli,Lactobacillales,Streptococcaceae,Streptococcus sanguinis,CC94A,2,Brain Heart Infusion broth,10% glycerol,Deinococcus grandis
HM-1192 ,KC919,mGAM,mGAM,10% DMSO,mGAM blood agar: colonies on D3,Catabacter hongkongensis AB8_9,,,1357384,,,gastrointestinal_tract,"isolated from human stool in Guelph, Ontario, Canada.",Firmicutes,Clostridia,Clostridiales,Catabacteriaceae,Catabacter hongkongensis,AB8_9,2,Modified Reinforced Clostridial broth,10% glycerol,Clostridiales sp.
HM-81 ,KC927,mGAM,GAM,10% DMSO,"mGAM blood agar: pinpricks D1, colonies D3",Acidaminococcus sp. D21,,,563191,ACGB00000000,2005,gastrointestinal_tract,"isolated in 2007 from a healthy biopsy specimen taken from the descending colon of a 55-year-old female patient with remittent Crohn's disease in Calgary, Alberta, Canada.",Firmicutes,Negativicutes,Acidaminococcales,Acidaminococcaceae,Acidaminococcus sp.,D21,2,0.5X Modified Chopped Meat Medium,10% glycerol,Micrococcus luteus
HM-231,KC928,mYCFA,GAM,10% DMSO,mYCFA blood agar: colonies on D1,Bacillus sp. 7_6_55CFAA_CT2,,,665957,ACWE00000000,5778,gastrointestinal_tract,"isolated in 2007 from a healthy gut biopsy specimen taken from a patient with Crohn's disease in Calgary, Alberta, Canada.",Firmicutes,Bacilli,Bacillales,Bacillaceae,Bacillus sp.,7_6_55CFAA_CT2,2,Nutrient broth,10% glycerol,Neisseria flavescens
HM-857 ,KC929,mYCFA,GAM,10% DMSO,mYCFA blood agar: colonies on D3,Dermabacter sp. HFH0086,,,1203568,ATFO00000000,2133,gastrointestinal_tract,isolated from human feces.,Actinobacteria,Actinobacteria,Micrococcales,Dermabacteraceae,Dermabacter sp.,HFH0086,2,,,Arthrobacter albus
HM-1030 ,KC930,mRCM (poor growth),RCM,10% DMSO,mYCFA blood agar: colonies in heavy streak on D3,Oscillibacter sp. KLE 1728,,,1226322,AWVN00000000,4274,gastrointestinal_tract,"isolated on March 20, 2012,  from a human fecal sample from an anonymous healthy male donor in  Boston, Massachusetts, USA.",Firmicutes,Clostridia,Clostridiales,Oscillospiraceae, Oscillibacter sp.,KLE 1728,2,,,Corynebacterium tuscaniense
HM-1031 ,KC931,mRCM (poor growth),RCM,10% DMSO,-,Oscillibacter sp. KLE 1745,,,1226323,AWVO00000000,4293,gastrointestinal_tract,"isolated on April 28, 2012,  from a human fecal sample from an anonymous healthy male donor in  Boston, Massachusetts, USA.",Firmicutes,Clostridia,Clostridiales,Oscillospiraceae, Oscillibacter sp.,KLE 1745,2,Modified Reinforced Clostridial broth ,10% glycerol,Veillonella montpellierensis
HM-1035 ,KC932,no growth,GAM,10% DMSO,-,Atopobium sp. CC14Z,,,1073350,,0,gastrointestinal_tract,"isolated in October  2010 from colonic biopsy tissue of a human subject in Victoria, British  Columbia, Canada.",Actinobacteria,Coriobacteriia,Coriobacteriales,Atopobiaceae,Atopobium parvulum,CC14Z,1,Peptone  Yeast Extract Glucose broth with 0.18% Tween 80,10% glycerol,Rhodococcus erythropolis
HM-1043 ,KC933,no growth,GAM,10% DMSO,-,Clostridium lentocellum CC70A,,,1125704,,0,gastrointestinal_tract,"isolated in October 2010 from colonic biopsy tissue of a human subject in Victoria, British Columbia, Canada.",Firmicutes,Clostridia,Clostridiales,Lachnospiraceae,Lachnospiraceae sp.,CC70A,2,Modified Reinforced Clostridial broth,10% glycerol,Peptoniphilus lacrimalis
HM-1044 ,KC934,mRCM (poor growth),GAM,10% DMSO,"mGAM blood agar: pinpricks D1, colonies D3",Clostridium sp. CC43_001K,,,1073358,,0,gastrointestinal_tract,"isolated in October 2010 from colonic biopsy tissue of a human subject in Victoria, British Columbia, Canada.",Firmicutes,Clostridia,Clostridiales,,Clostridium orbiscindens,CC43_001K,2,Modified Reinforced Clostridial broth medium,10% glycerol,Staphylococcus haemolyticus
HM-1049 ,KC935,no growth,GAM,10% DMSO,-,Paenibacillus sp. CC33_002B,,,1073363,,0,gastrointestinal_tract,"isolated in October 2010 from colonic biopsy tissue of a human subject in Victoria, British Columbia, Canada.",Firmicutes,Bacilli,Bacillales,Paenibacillaceae,Paenibacillus barengoltzii,CC33_002B,1,0.5X Nutrient broth,10% glycerol,Staphylococcus capitis
HM-1051 ,KC936,mGAM,GAM,10% DMSO,mGAM blood agar: colonies on D1,Peptostreptococcus sp. CC14N,,,1073365,,0,gastrointestinal_tract,"isolated in October 2010 from colonic biopsy tissue of a human subject in Victoria, British Columbia, Canada.",Firmicutes,Clostridia,Clostridiales,Peptostreptococcaceae,Peptostreptococcus sp.,CC14N,2,Modified Reinforced Clostridial broth,10% glycerol,Prevotella disiens
HM-1054 ,KC937,mYCFA,GAM,10% DMSO,mGAM blood agar: colonies in heavy streak on D3,Prevotella sp. CC98A,,,1073367,AZJG00000000,2490,gastrointestinal_tract,"isolated in October 2010 from colonic biopsy tissue of a human  subject in Victoria, British Columbia, Canada.",Bacteroidetes,Bacteroidia,Bacteroidales,Prevotellaceae,Prevotella oralis,CC98A,2,Modified Chopped Meat medium,10% glycerol,Megasphaera micronuciformis
HM-34 ,KC939,mYCFA,GAM,10% DMSO,mYCFA blood agar: colonies on D1,Citrobacter sp. 30_2,,,469595,ACDJ00000000,4683,gastrointestinal_tract,"isolated from an inflamed terminal ileum biopsy specimen taken from a 23-year-old female patient with active Crohn's disease in Calgary, Alberta, Canada.",Proteobacteria,Gammaproteobacteria,Enterobacterales,Enterobacteriaceae,Citrobacter sp.,30_2,2,0.5X Tryptic Soy Broth,10% glycerol,Prevotella denticola
HM-49 ,KC940,mRCM (poor growth),GAM,10% DMSO,mRCM blood agar: colonies on D3,Veillonella sp. 6_1_27,,,450749,ADCW00000000,1898,gastrointestinal_tract,"isolated from rectal biopsy tissue taken from a healthy, 59-year-old male patient undergoing a colon cancer screen procedure in Calgary, Alberta, Canada in 2007.",Firmicutes,Negativicutes,Veillonellales,Veillonellaceae,Veillonella sp.,6_1_27,2,Reinforced Clostridial medium with sodium lactate,5% DMSO,Staphylococcus epidermidis
HM-57 ,KC941,mGAM,GAM,10% DMSO,mGAM blood agar: colonies D1,Fusobacterium sp. 12_1B,,,457404,AGWJ00000000,3559,gastrointestinal_tract,"isolated in 2007 from a biopsy taken from the inflamed, ascending colon of a 19-year-old female patient with active Crohn's disease in Calgary, Alberta, Canada.",Fusobacteria,Fusobacteriia,Fusobacteriales,Fusobacteriaceae,Fusobacterium ulcerans,12_1B,2,Modified Chopped Meat medium,10% glycerol,Staphylococcus hominis
HM-64 ,KC942,mRCM (poor growth),GAM,10% DMSO,mRCM blood agar: pinpricks on D3,Veillonella sp. 3_1_44,,,457416,ADCV00000000,1871,gastrointestinal_tract,"isolated from biopsy tissue taken from the descending colon of a 25-year-old male patient with remittent Crohn's disease in Calgary, Alberta, Canada in 2007.",Firmicutes,Negativicutes,Veillonellales,Veillonellaceae,Veillonella sp.,3_1_44,2,Reinforced Clostridial medium with sodium lactate,5% DMSO,Leptotrichia goodfellowii
HM-75 ,KC943,mRCM,RCM,10% DMSO,mRCM blood agar: colonies on D3,Fusobacterium sp. D11,,,556264,ACDS00000000,2421,gastrointestinal_tract,"isolated in 2007 from normal biopsy tissue taken from the decending colon of a 19-year-old woman with inactive Crohn's disease in Calgary, Alberta, Canada.",Fusobacteria,Fusobacteriia,Fusobacteriales,Fusobacteriaceae,Fusobacterium nucleatum subsp. animalis,D11,1,0.5X Modified Chopped Meat medium,10% glycerol,Staphylococcus warneri
HM-85 ,KC944,mYCFA,YCFA,10% DMSO,mYCFA blood agar: colonies on D1,Coprobacillus sp. D6,,,556262,AKCB00000000,0,gastrointestinal_tract,"isolated in 2007 from inflamed biopsy tissue taken from the terminal ileum of a 23-year-old female patient with Crohn's disease in Calgary, Alberta, Canada.",Firmicutes,Erysipelotrichia,Erysipelotrichales,Erysipelotrichaceae,Coprobacillus sp.,D6 (29_1),2,0.5X Modified Chopped Meat Medium,10% glycerol,Propionibacterium acnes
HM-169 ,KC945,mYCFA,YCFA,10% DMSO,mGAM blood agar: colonies in heavy streak D3,Porphyromonas sp. 31_2,,,658663,ACUD00000000,4498,gastrointestinal_tract,isolated from a human fecal sample.,Bacteroidetes,Bacteroidia,Bacteroidales,Porphyromonadaceae,Parabacteroides sp.,31_2,2,Modified Chopped Meat Medium,10% glycerol,Mobiluncus mulieris
HM-179 ,KC946,mGAM (poor growth),GAM,10% DMSO,mGAM blood agar: pinpricks on D3,Phascolarctobacterium sp. 3_1syn4,,,457408,,0,gastrointestinal_tract,"isolated from the colon of a patient undergoing a colon cancer screen procedure in Calgary, Alberta, Canada in 2007.",Firmicutes,Negativicutes,Acidaminococcales,Acidaminococcaceae,Phascolarctobacterium sp.,3_1_syn4,2,Wilkins-Chalgren anaerobe broth,2% yeast,Lactobacillus iners
HM-180 ,KC947,mRCM,GAM,10% DMSO,mRCM blood agar: colonies on D1,Erysipelotrichaceae bacterium 6_1_45,,,469614,ACTK00000000,4826,gastrointestinal_tract,"isolated in 2007 from healthy biopsy tissue taken from the gastrointestinal tract of a 48-year-old male patient with remittent Crohn's disease in Calgary, Alberta, Canada.",Firmicutes,Erysipelotrichia,Erysipelotrichales,Erysipelotrichaceae,Erysipelotrichaceae sp.,6_1_45,2,0.5X Modified Chopped Meat Medium,10% glycerol,Oribacterium sinus
HM-258 ,KC948,mYCFA,YCFA,10% DMSO,-,Bacteroides sp. 4_1_36,,,457393,ACTC00000000,3724,gastrointestinal_tract,"isolated in 2007 from biopsy tissue taken from the terminal ileum of a male patient with active Crohn's Disease in Calgary, Alberta, Canada.",Bacteroidetes,Bacteroidia,Bacteroidales,Bacteroidaceae,Bacteroides sp.,4_1_36,2,Modified Chopped Meat media,10% glycerol,Porphyromonas uenonis
HM-298 ,KC949,,GAM,10% DMSO,mGAM blood agar: colonies in heavy streak on D3,Arcobacter butzleri JV22,,,888827,AEPT00000000,2381,gastrointestinal_tract,isolated from a human gastrointestinal tract.,Proteobacteria,Epsilonproteobacteria,Campylobacterales,Campylobacteraceae,Arcobacter butzleri,JV22,2,0.5X Brucella broth with 0.15% agar and 1.5% sodium chloride,10% glycerol,Gardnerella vaginalis
HM-299 ,KC950,,GAM,10% DMSO,mGAM blood agar: colonies on D1,Citrobacter freundii 4_7_47CFAA,,,742730,ADLG00000000,4861,gastrointestinal_tract,"isolated in 2007 from inflamed biopsy tissue taken from the sigmoid colon of a 25-year-old female patient with Crohn's disease in Calgary, Alberta, Canada.",Proteobacteria,Gammaproteobacteria,Enterobacterales,Enterobacteriaceae,Citrobacter freundii,4_7_47CFAA,1,0.5X Nutrient Broth,10% glycerol,Prevotella timonensis 
HM-849 ,KC951,mYCFA,YCFA,10% DMSO,mGAM blood agar: pinpricks on D3,Prevotella oralis HGA0225,,,1203550,ATFN00000000,2354,gastrointestinal_tract,isolated from a biopsy of large intestine mucosa of a human subject in the United States.,Bacteroidetes,Bacteroidia,Bacteroidales,Prevotellaceae,Prevotella oralis,HGA0225,2,0.5X Modified Chopped Meat medium,5% dimethylsulfoxide,Staphylococcus lugdunensis
HM-850 ,KC952,mRCM (poor growth),GAM,10% DMSO,mRCM blood agar: colonies on D1,Veillonella sp. HPA0037,,,1203593,ATCG00000000,1861,gastrointestinal_tract,isolated from a biopsy of ileal-anal pouch mucosa of a human subject in the United States.,Firmicutes,Negativicutes,Veillonellales,Veillonellaceae,Veillonella sp.,HPA0037,2,Reinforced Clostridial medium with sodium lactate,5% dimethylsulfoxide,Actinomyces sp.
HM-852 ,KC953,mBHI (poor growth),GAM,10% DMSO,mGAM blood agar: colonies on D3,Sutterella wadsworthensis HGA0223,,,1203554,ATCF00000000,2412,gastrointestinal_tract,isolated from a biopsy of large intestine mucosa of a human subject in the United States.,Proteobacteria,Betaproteobacteria,Burkholderiales,Sutterellaceae,Sutterella wadsworthensis,HGA0223,2,Modified Chopped Meat medium containing 6% formate and 6% fumarate,10% glycerol,Actinomyces cardiffensis
HM-853 ,KC954,mGAM,GAM,10% DMSO,mGAM blood agar: colonies on D1,Acidaminococcus sp. HPA0509,,,1203555,ATBZ00000000,2108,gastrointestinal_tract,isolated from a biopsy of ileo-anal pouch mucosa of a human subject in the United States.,Firmicutes,Negativicutes,Acidaminococcales,Acidaminococcaceae,Acidaminococcus sp.,HPA0509,2,Modified Chopped Meat medium,10% glycerol,Capnocytophaga ochracea
HM-993 ,KC955,mRCM,RCM,10% DMSO,mRCM blood agar: colonies on D1,Fusobacterium nucleatum CTI-2,,,1204475,AXNY00000000,2133,gastrointestinal_tract,"isolated in 2012 from colonic tumor tissue from a human patient with colorectal carcinoma in Massachusetts, USA.",Fusobacteria,Fusobacteriia,Fusobacteriales,Fusobacteriaceae,Fusobacterium nucleatum,CTI-02,2,Modified Chopped Meat medium,10% glycerol,Ralstonia sp.
HM-1034 ,KC956,mGAM (poor growth),GAM,10% DMSO,mRCM blood agar: colonies on D3,Anaerococcus sp. CC31C,,,1073349,,0,gastrointestinal_tract,"isolated in October 2010 from colonic biopsy tissue of a human subject in Victoria, British Columbia, Canada.",Firmicutes,Tissierellia,Tissierellales,Peptoniphilaceae,Anaerococcus lactolyticus,CC31C,1,Modified Reinforced Clostridial broth,10% glycerol,Prevotella sp.
HM-1037 ,KC957,"mYCFA (very slow, 56 hrs)",GAM,10% DMSO,-,Capnocytophaga sp. CC21_001D,,,1073354,,0,gastrointestinal_tract,"isolated in October 2010 from colonic biopsy tissue of a human subject in Victoria, British Columbia, Canada.",Bacteroidetes,Flavobacteriia,Flavobacteriales,Flavobacteriaceae,Capnocytophaga sputigena,CC21_001D,1,Modified Chopped Meat medium,10% glycerol,Streptococcus cristatus
HM-1050 ,KC958,mYCFA,YCFA,10% DMSO,"mGAM blood agar: pinpricks D1, colonies D3",Parabacteroides sp. CC87F,,,1073364,,0,gastrointestinal_tract,"isolated in October 2010 from colonic biopsy tissue of a human subject in Victoria, British Columbia, Canada.",Bacteroidetes,Bacteroidia,Bacteroidales,Porphyromonadaceae,Parabacteroides goldsteinii,CC87F,2,Modified Reinforced Clostridial broth,10% glycerol,Olsenella sp. 
HM-1055 ,KC959,mBHI (poor growth),GAM,10% DMSO,not revived successfully,Rothia sp. CC87LB,,,1073369,,0,gastrointestinal_tract,"isolated in October 2010 from colonic biopsy tissue of a human subject in Victoria, British Columbia, Canada.",Actinobacteria,Actinobacteria,Micrococcales,Micrococcaceae,Rothia mucilaginosa,CC87LB,1,Brain Heart Infusion broth,10% glycerol,Aggregatibacter aphrophilus
HM-1059 ,KC960,none,GAM,10% DMSO,-,Solobacterium sp. CC57E,,,1073371,,0,gastrointestinal_tract,"isolated in October 2010 from colonic biopsy tissue of a human subject in Victoria, British Columbia, Canada.",Firmicutes,Erysipelotrichia,Erysipelotrichales,Erysipelotrichaceae,Solobacterium moorei,CC57E,1,Modified Todd-Hewitt broth,10% glycerol,Parvimonas sp. 
HM-1190 ,KC961,mGAM (poor growth),GAM,10% DMSO,mGAM blood agar: colonies on D3,Varibaculum cambriense AB12_3,,,1357413,,,gastrointestinal_tract,"isolated from human stool in Guelph, Ontario, Canada.",Actinobacteria,Actinobacteria,Actinomycetales,Actinomycetaceae,Varibaculum cambriense,AB12_3,2,Modified Reinforced Clostridial broth,10% glycerol,Propionibacterium propionicum
HM-1194 ,KC962,mGAM,GAM,10% DMSO,-,Fusobacterium ulcerans AC2_8_11_AN_D5_FAA_7,,,1365972,,,gastrointestinal_tract,"isolated from human stool in Guelph, Ontario, Canada.",Fusobacteria,Fusobacteriia,Fusobacteriales,Fusobacteriaceae,Fusobacterium ulcerans,AC2_8_11 AN FAA D5 7,1,Modified Chopped Meat medium,10% glycerol,Lactobacillus sp.
HM-473 ,KC963,YCFA,YCFA,10% DMSO,mYCFA blood agar: colonies in heavy streak on D3,Faecalibacterium cf. prausnitzii KLE1255,,,748224,AECU00000000,3355,gastrointestinal_tract,isolated in August 2009 from human feces.,Firmicutes,Clostridia,Clostridiales,Ruminococcaceae,Faecalibacterium prausnitzii,KLE1255,1,0.5X Modified Chopped Meat Medium with Carbohydrates and Rumen,10% glycerol,Achromobacter xylosoxidans
HM-634 ,KC964,YCFA,YCFA,10% DMSO,"mYCFA blood agar: pinpricks D1, colonies D3",Clostridium sp. L2-50,,,411489,AAYW00000000,2949,gastrointestinal_tract,,Firmicutes,Clostridia,Clostridiales,Clostridiaceae,Clostridium sp.,L2-50,2,0.5X Chopped Meat Carbohydrate Medium,10% glycerol,Actinomyces graevenitzii
HM-1 ,,no growth,,,-,Oxalobacter formigenes OXCC13,,,556269,ACDQ00000000,2124,gastrointestinal_tract,"isolated in 1995 from a fecal sample from a healthy adult male in Ulm, Germany.",Proteobacteria,Betaproteobacteria,Burkholderiales,Oxalobacteraceae,Oxalobacter formigenes,OxCC13,1,0.5X Oxalate maintenance medium,10% glycerol,Actinomyces viscosus
HM-103 ,,,,,,Lactobacillus crispatus JV-V101,,,491076,ACKR00000000,2209,urogenital_tract,isolated from normal human vaginal flora.,Firmicutes,Bacilli,Lactobacillales,Lactobacillaceae,Lactobacillus crispatus,JV-V01,1,0.5X Lactobacilli MRS Broth,10% glycerol,Gemella haemolysans
HM-104 ,,,,,,Lactobacillus gasseri JV-V03,,,525326,ACGO00000000,1977,urogenital_tract,,Firmicutes,Bacilli,Lactobacillales,Lactobacillaceae,Lactobacillus gasseri,JV-V03,1,0.5X Lactobacilli MRS Broth,10% glycerol,Gemella morbillorum
HM-105 ,,,,,,Lactobacillus jensenii JV-V16,,,525329,CM000953,1450,urogenital_tract,,Firmicutes,Bacilli,Lactobacillales,Lactobacillaceae,Lactobacillus jensenii,JV-V16,1,0.5X Lactobacilli MRS Broth,10% glycerol,Gemella sanguinis
HM-1053 ,,,,,,Prevotella sp. CC14M,,,1073366,AZJH00000000,2629,gastrointestinal_tract,"isolated in October 2010 from colonic biopsy tissue of a human subject in Victoria, British Columbia, Canada.",Bacteroidetes,Bacteroidia,Bacteroidales,Prevotellaceae,Prevotella nigrescens,CC14M,2,Modified Chopped Meat medium,5% DMSO,Neisseria mucosa
HM-1064 ,,,,,,Porphyromonas sp. oral taxon 278 str. W7784,,,1227272,AWUX00000000,1984,oral,"isolated June 6, 1992, from dental plaque biofilm on the third molar of a healthy human in Helsinki, Finland.",Bacteroidetes,Bacteroidia,Bacteroidales,Porphyromonadaceae,Porphyromonas sp.,W7784,2,Supplemented Tryptic Soy broth,10% glycerol,Rothia dentocariosa
HM-107 ,,,,,,Acinetobacter radioresistens SK82,,,596318,ACVR00000000,3188,skin,isolated from normal skin of the right arm of a 57-year-old man.,Proteobacteria,Gammaproteobacteria,Pseudomonadales,Moraxellaceae,Acinetobacter radioresistens,SK82,1,0.5X Tryptic Soy Broth,10% glycerol,Treponema denticola
HM-1070 ,,,,,,Actinomyces johnsonii F0510,,,1227262,AWSD00000000,3396,oral,"isolated in September 2008 from the supragingival plaque biofilm of a molar of a medically healthy 3-year-old female with no dental caries in Boston, Massachusetts, USA.",Actinobacteria,Actinobacteria,Actinomycetales,Actinomycetaceae,Actinomyces johnsonii,F0510,2,Actinomyces broth,10% glycerol,Fusobacterium nucleatum subsp. polymorphum
HM-1071 ,,,,,,Porphyromonas gingivalis F0568,,,1227269,AWUU00000000,2417,oral,isolated in 1983 from the subgingival plaque biofilm of a 53-year-old male patient diagnosed with moderate periodontitis in the U.,Bacteroidetes,Bacteroidia,Bacteroidales,Porphyromonadaceae,Porphyromonas gingivalis,F0568,2,supplemented Tryptic Soy broth,10% glycerol,Peptoniphilus sp.
HM-1072 ,,,,,,Porphyromonas gingivalis F0569,,,1227270,AWUV00000000,2297,oral,isolated in 1984 from the subgingival plaque biofilm of a 39-year-old male patient diagnosed with periodontitis in the United States.,Bacteroidetes,Bacteroidia,Bacteroidales,Porphyromonadaceae,Porphyromonas gingivalis,F0569,2,Supplemented Tryptic Soy broth,10% glycerol,Selenomonas noxia
HM-1073 ,,,,,,Porphyromonas gingivalis F0570,,,1227271,AWUW00000000,2316,oral,isolated in 1984 from the subgingival plaque biofilm of a 46-year-old male patient diagnosed with moderate periodontitis in the United States.,Bacteroidetes,Bacteroidia,Bacteroidales,Porphyromonadaceae,Porphyromonas gingivalis,F0570,2,Supplemented Tryptic Soy broth,10% glycerol,Eubacterium infirmum
HM-1080,,,,,,Lachnospiraceae bacterium DNF00160,,,1285932,,0,urogenital_tract,"isolated on May 18, 2011, from vaginal fluid  collected from a woman that tested positive for bacterial vaginosis in Washington,  United States.",Firmicutes,Clostridia,Clostridiales,Lachnospiraceae,Lachnospiraceae sp.,DNF00160,2,,,Bacteroidetes
HM-1083 ,,,,,,Megasphaera sp. DNF00872,,,1285933,,0,urogenital_tract,"isolated in 2011 from vaginal fluid collected from a woman that tested positive for bacterial vaginosis in Washington, USA.",Firmicutes,Negativicutes,Veillonellales,Veillonellaceae,Megasphaera sp.,DNF00872,2,Brain Heart Infusion broth,10% glycerol,Lactobacillus vaginalis
HM-1084 ,,,,,,Atopobium parvulum DNF00906,,,1287474,JRND00000000,1208,urogenital_tract,"isolated on November 7, 2011, from vaginal fluid collected from a woman that tested positive for bacterial vaginosis in the United States.",Actinobacteria,Coriobacteriia,Coriobacteriales,Atopobiaceae,Atopobium parvulum,DNF00906,1,Peptone Yeast Glucose medium with 0.1% Tween 80,10% glycerol,Fusobacterium periodonticum
HM-1085 ,,,,,,Megasphaera sp. DNF00912,,,1285934,,0,urogenital_tract,"isolated in 2011 from vaginal fluid collected from a woman that tested positive for bacterial vaginosis in Washington, USA.",Firmicutes,Negativicutes,Veillonellales,Veillonellaceae,Megasphaera sp.,DNF00912,2,Modified Reinforced Clostridial medium,10% glycerol,Prevotella buccae
HM-1088 ,,,,,,Prevotella bivia DNF00188,,,1287476,JRNF00000000,2063,urogenital_tract,isolated in 2011 from vaginal fluid collected from a woman that tested positive for bacterial vaginosis in the United States.,Bacteroidetes,Bacteroidia,Bacteroidales,Prevotellaceae,Prevotella bivia,DNF00188,2,Modified Reinforced Clostridial medium,5% dimethylsulfoxide,Haemophilus sp.
HM-1102 ,,,,,,Peptostreptococcus sp. MV1,,,1219626,JRNB00000000,1630,urogenital_tract,"isolated in 2011 from the vagina of a woman that tested positive for bacterial vaginosis in Seattle, Washington, USA.",Firmicutes,Clostridia,Clostridiales,Peptostreptococcaceae,Peptostreptococcus sp.,MV1,2,Modified Reinforced Clostridial broth,10% glycerol,Prevotella histicola
HM-111 ,,,,,,Deinococcus grandis SK125,,,596310,,,skin,isolated from normal skin of the arm of a 47-year-old woman.,Deinococcus-Thermus,Deinococci,Deinococcales,Deinococcaceae,Deinococcus grandis,SK125,1,0.5X Nutrient Broth,10% glycerol,Streptococcus downei
HM-1139 ,,,,,,Clostridiales bacterium oral taxon 876 str. F0540,,,1321778,AWSZ00000000,4703,oral,"isolated on September 19, 2007, from the tooth of a medically healthy, caries-free patient in Boston, MA, USA.",Firmicutes,Clostridia,Clostridiales,,Clostridiales sp.,F0540,2,Brain Heart Infusion broth,10% glycerol,Cardiobacterium valvarum
HM-114 ,,,,,,Micrococcus luteus SK58,,,596312,ADCD00000000,2489,skin,isolated from normal skin of the left arm of a 57-year-old man.,Actinobacteria,Actinobacteria,Micrococcales,Micrococcaceae,Micrococcus luteus,SK58,1,0.5X Nutrient Broth,10% glycerol,Lactobacillus parafarraginis
HM-1140 ,,,,,,Porphyromonas gingivalis F0185,,,1321821,AWVC00000000,2236,oral,isolated in December 1985 from the tooth of a patient diagnosed with juvenile periodontitis in the United States.,Bacteroidetes,Bacteroidia,Bacteroidales,Porphyromonadaceae,Porphyromonas gingivalis,F0185,2,Supplemented Tryptic Soy broth,10% glycerol,Peptostreptococcaceae sp.
HM-1141 ,,,,,,Porphyromonas gingivalis F0566,,,1321822,AWVD00000000,2395,oral,isolated in October 1987 from the tooth of a patient diagnosed with moderate periodontitis in the United States.,Bacteroidetes,Bacteroidia,Bacteroidales,Porphyromonadaceae,Porphyromonas gingivalis,F0566,2,Supplemented Tryptic Soy broth,10% glycerol,Lactobacillus oris
HM-115 ,,,,,,Neisseria flavescens SK114,,,596320,ACQV00000000,2338,skin,isolated from normal skin of the right arm of a 47-year-old woman.,Proteobacteria,Betaproteobacteria,Neisseriales,Neisseriaceae,Neisseria flavescens,SK114,2,0.5X Haemophilus Test Medium,10% glycerol,Streptococcus vestibularis
HM-1152 ,,,,,,Arthrobacter albus DNF00011,,,1401063,JRNH00000000,1596,urogenital_tract,"isolated on April 25, 2011, from vaginal fluid collected from a woman that tested positive for bacterial vaginosis in the United States.",Actinobacteria,Actinobacteria,Micrococcales,Micrococcaceae,Arthrobacter albus,DNF00011,2,Tryptic Soy broth,10% glycerol,Lactobacillus johnsonii
HM-1153 ,,,,,,Corynebacterium tuscaniense DNF00037,,,1401064,JRNG00000000,1792,urogenital_tract,"isolated on May 2, 2011, from vaginal fluid collected from a woman in the United States.",Actinobacteria,Actinobacteria,Corynebacteriales,Corynebacteriaceae,Corynebacterium tuscaniense,DNF00037,2,Brain Heart Infusion broth,10% glycerol,Acetobacteraceae sp.
HM-1157 ,,,,,,Veillonella montpellierensis DNF00314,,,1401067,JRNT00000000,1513,urogenital_tract,"isolated on June 21, 2011, from vaginal fluid collected from a woman that tested positive for bacterial vaginosis in the United States.",Firmicutes,Negativicutes,Veillonellales,Veillonellaceae,Veillonella montpellierensis,DNF00314,2,Reinforced Clostridial medium with sodium lactate,5% DMSO,Peptostreptococcaceae bacterium
HM-116 ,,,,,,Rhodococcus erythropolis SK121,,,596309,ACNO00000000,6713,skin,isolated from normal skin of the left arm of a 47-year-old woman.,Actinobacteria,Actinobacteria,Corynebacteriales,Nocardiaceae,Rhodococcus erythropolis,SK121,1,0.5X Brain Heart Infusion Broth,10% glycerol,Paenisporosarcina sp.
HM-1161 ,,,,,,Peptoniphilus lacrimalis DNF00528,,,1401070,JRNL00000000,3237,urogenital_tract,"isolated on July 26, 2011, from vaginal fluid collected from a woman that tested positive for bacterial vaginosis in the United States.",Firmicutes,Tissierellia,Tissierellales,Peptoniphilaceae,Peptoniphilus lacrimalis,DNF00528,2,Modified Reinforced Clostridial broth,10% glycerol,Propionibacterium acidifaciens
HM-1164 ,,,,,,Staphylococcus haemolyticus DNF00585,,,1401071,JRNK00000000,2173,urogenital_tract,isolated in 2011 from vaginal fluid collected from a woman who tested positive for bacterial vaginosis in the United States.,Firmicutes,Bacilli,Bacillales,Staphylococcaceae,Staphylococcus haemolyticus,DNF00585,2,Tryptic Soy broth,10% glycerol,Prevotella melaninogenica
HM-1165 ,,,,,,Prevotella bivia DNF00650,,,1401072,JRNM00000000,1973,urogenital_tract,"isolated on July 21, 2011, from vaginal fluid collected from a woman that tested positive for bacterial vaginosis in the United States.",Bacteroidetes,Bacteroidia,Bacteroidales,Prevotellaceae,Prevotella bivia,DNF00650,2,Modified Chopped Meat medium,5% dimethylsulfoxide,Selenomonas sp.
HM-117 ,,,,,,Staphylococcus capitis SK14,,,553212,ACFR00000000,2230,skin,isolated from normal skin of the right arm of a 58-year-old man.,Firmicutes,Bacilli,Bacillales,Staphylococcaceae,Staphylococcus capitis,SK14,1,0.5X Nutrient Broth,10% glycerol,Actinomyces massiliensis
HM-1171 ,,,,,,Prevotella disiens DNF00882,,,1401075,JRNR00000000,2350,urogenital_tract,"isolated on October 17, 2011, from vaginal fluid collected from a woman that tested positive for bacterial vaginosis in the United States.",Bacteroidetes,Bacteroidia,Bacteroidales,Prevotellaceae,Prevotella disiens,DNF00882,2,Modified Chopped Meat medium,10% glycerol,Rothia aeria
HM-1172 ,,,,,,Megasphaera micronuciformis DNF00954,,,1401076,,,urogenital_tract,"isolated on November 28, 2011, from vaginal fluid collected from a woman that tested positive for bacterial vaginosis in the United States.",Firmicutes,Negativicutes,Veillonellales,Veillonellaceae,Megasphaera micronuciformis,DNF00954,1,Modified Chopped Meat medium,10% glycerol,Microbacterium sp.
HM-1173 ,,,,,,Prevotella denticola DNF00960,,,1401077,JRNO00000000,2355,urogenital_tract,"isolated in December, 2011, from vaginal fluid collected from a woman that tested positive for bacterial vaginosis in the United States.",Bacteroidetes,Bacteroidia,Bacteroidales,Prevotellaceae,Prevotella denticola,DNF00960,2,Modified Reinforced Clostridial broth,5% DMSO,Streptomyces sp.
HM-118 ,,,,,,Staphylococcus epidermidis SK135,,,596317,ADEY00000000,2395,skin,isolated from normal skin of the right arm of a 57-year-old man.,Firmicutes,Bacilli,Bacillales,Staphylococcaceae,Staphylococcus epidermidis,SK135,1,Brain Heart Infusion broth,10% glycerol,Olsenella uli
HM-119 ,,,,,,Staphylococcus hominis SK119,,,629742,ACLP00000000,2182,skin,isolated from normal skin of the right arm of a 57-year-old man.,Firmicutes,Bacilli,Bacillales,Staphylococcaceae,Staphylococcus hominis,SK119,2,0.5X Brain Heart Infusion Broth,10% glycerol,Prevotella veroralis
HM-12 ,,,,,,Leptotrichia goodfellowii F0264,,,596323,ADAD00000000,2375,oral,isolated in March 1979 from the subgingival plaque of a 23-year-old white male patient with experimental gingivitis in the United States.,Fusobacteria,Fusobacteriia,Fusobacteriales,Leptotrichiaceae,Leptotrichia goodfellowii,F0264,1,0.5X Modified Reinforced Clostridial Broth,10% glycerol,Prevotella oris
HM-120 ,,,,,,Staphylococcus warneri L37603,,,596319,ACPZ00000000,2381,skin,isolated from normal skin of the right arm of a 57-year-old man.,Firmicutes,Bacilli,Bacillales,Staphylococcaceae,Staphylococcus warneri,SK66,2,0.5X Brain Heart Infusion Broth,10% glycerol,Actinomyces odontolyticus
HM-122 ,,,,,,Propionibacterium acnes SK137,,,553199,CP001977,2352,skin,isolated from normal skin of the right arm of a 57-year-old man.,Actinobacteria,Actinobacteria,Propionibacteriales,Propionibacteriaceae,Propionibacterium acnes,SK137,1,Modified Reinforced Clostridial Broth,10% glycerol,Actinomyces gerencseriae
HM-125 ,,,,,,Mobiluncus mulieris 28-1,,,596328,ADBR00000000,2321,urogenital_tract,isolated from a human vaginal cavity.,Actinobacteria,Actinobacteria,Actinomycetales,Actinomycetaceae,Mobiluncus mulieris,UPII 28-I,1,0.5X ETSA Medium,10% glycerol,Actinomyces israelii
HM-126 ,,,,,,Lactobacillus iners UPII 143-D,,,928327,AEXJ00000000,1186,urogenital_tract,isolated from a human vagina.,Firmicutes,Bacilli,Lactobacillales,Lactobacillaceae,Lactobacillus iners,UPII 143-D,2,0.5X Brain Heart Infusio10% glycerol,,
HM-13 ,,,,,,Oribacterium sinus F0268,,,585501,ACKX00000000,2638,oral,isolated in June 1980 from the subgingival plaque of a 27-year-old white female patient with severe periodontitis in the United States.,Firmicutes,Clostridia,Clostridiales,Lachnospiraceae,Oribacterium sinus,F0268,1,0.5X Wilkins-Chalgren anaerobe broth,5% DMSO,
HM-130 ,,,,,,Porphyromonas uenonis 60-3,,,596327,ACLR00000000,1977,urogenital_tract,isolated from a human vaginal cavity.,Bacteroidetes,Bacteroidia,Bacteroidales,Porphyromonadaceae,Porphyromonas uenonis,UPII 60-3,2,0.5X Supplemented Tryptic Soy Broth,10% glycerol,
HM-133 ,,,,,,Gardnerella vaginalis 315-A,,,879307,AFDI00000000,1290,urogenital_tract,isolated from human vaginal flora.,Actinobacteria,Actinobacteria,Bifidobacteriales,Bifidobacteriaceae,Gardnerella vaginalis,UPII 315-A,2,0.5X NYC III broth,10% glycerol,
HM-134 ,,,,,,Peptoniphilus lacrimalis 315-B,,,596330,ADDO00000000,1589,urogenital_tract,isolated from a human vaginal cavity.,Firmicutes,Tissierellia,Tissierellales,Peptoniphilaceae,Peptoniphilus lacrimalis,UPII 315-B,2,Modified Reinforced Clostridial broth,5% dimethylsulfoxide,
HM-136 ,,,,,,Prevotella timonensis CRIS 5C-B1,,,679189,ADEF00000000,2202,urogenital_tract,isolated from a human vagina.,Bacteroidetes,Bacteroidia,Bacteroidales,Prevotellaceae,Prevotella timonensis ,CRIS 5C-B1,2,0.5X Modified Chopped Meat Medium,10% glycerol,
HM-141 ,,,,,,Staphylococcus lugdunensis M23590,,,525377,AEQA00000000,2421,skin,isolated from human skin.,Firmicutes,Bacilli,Bacillales,Staphylococcaceae,Staphylococcus lugdunensis,M23590,2,0.5X Brain Heart Infusion Broth,10% glycerol,
HM-146 ,,,,,,Actinomyces sp. oral taxon 178 str. F0338,,,888051,AEUH00000000,2524,oral,isolated from a human oral cavity.,Actinobacteria,Actinobacteria,Actinomycetales,Actinomycetaceae,Actinomyces sp.,F0338,2,0.5X Actinomyces Broth,10% glycerol,
HM-147 ,,,,,,Actinomyces cardiffensis F0333,,,888050,AQHZ00000000,1983,oral,,Actinobacteria,Actinobacteria,Actinomycetales,Actinomycetaceae,Actinomyces cardiffensis,F0333,2,0.5X Actinomyces Broth,10% glycerol,
HM-15 ,,,,,,Capnocytophaga ochracea F0287,,,873517,AEOH00000000,2333,oral,isolated from human subgingival dental plaque in the United States.,Bacteroidetes,Flavobacteriia,Flavobacteriales,Flavobacteriaceae,Capnocytophaga ochracea,F0287,2,0.5X Modified Chopped Meat Medium,10% glycerol,
HM-158 ,,,,,-,Ralstonia sp. 5_2_56FAA,,,658080,ACTT00000000,4870,gastrointestinal_tract,isolated from inflamed tissue taken from the terminal ileum of a 29-year-old female patient with Crohn's disease.,Proteobacteria,Betaproteobacteria,Burkholderiales,Burkholderiaceae,Ralstonia sp.,5_2_56FAA,2,0.5X Tryptic Soy Broth,10% glycerol,
HM-16 ,,,,,,Prevotella sp. oral taxon 472 str. F0295,,,619693,ACZS00000000,3092,oral,isolated from a human oral cavity.,Bacteroidetes,Bacteroidia,Bacteroidales,Prevotellaceae,Prevotella sp.,F0295,2,0.5X Modified Chopped Meat Medium,10% glycerol,
HM-163 ,,,,,,Streptococcus cristatus F0329,,,,,0,oral,isolated from a human oral sample.,Bacilli,Lactobacillales,Streptococcaceae,,Streptococcus cristatus,F0329,2,0.5X Tryptic Soy Broth,10% glycerol,
HM-198 ,,,,,,Olsenella sp. oral taxon 809 str. F0356,,,661087,ACVE00000000,1898,oral,isolated from the molar dental plaque of a human patient.,Actinobacteria,Coriobacteriia,Coriobacteriales,Atopobiaceae,Olsenella sp. ,F0356 ,2,0.5X Peptone Yeast Extract Glucose (PYG) broth with 0.1% Tween 80,10% glycerol,
HM-206 ,,,,,,Aggregatibacter aphrophilus F0387,,,679198,ACZJ00000000,2104,oral,"isolated in 1984 from the subgingival dental plaque, at a healthy site, of a 24-year-old female patient in the United States.",Proteobacteria,Gammaproteobacteria,Pasteurellales,Pasteurellaceae,Aggregatibacter aphrophilus,F0387,1,0.5X Haemophilus Test medium,10% glycerol,
HM-207 ,,,,,,Parvimonas sp. oral taxon 110 str. F0139,,,767100,AFII00000000,1640,oral,isolated in September 1991 from subgingival plaque of a healthy 42-year-old black male patient in the United States.,Firmicutes,Tissierellia,Tissierellales,Peptoniphilaceae,Parvimonas sp. ,F0139,2,"Chopped Meat Carbohydrate Medium with 0.1% cellobiose, 0.1% maltose, 0.1% starch and 0.1% Tween 80",5% DMSO,
HM-208 ,,,,,,Prevotella denticola F0289,,,767031,CP002589,2386,oral,isolated from a human oral cavity.,Bacteroidetes,Bacteroidia,Bacteroidales,Prevotellaceae,Prevotella denticola,"F0289, Oral Taxon 291",2,0.5X Modified Chopped Meat Medium,10% glycerol,
HM-209 ,,,,,,Propionibacterium propionicum F0230a,,,767029,CP002734,2938,oral,isolated from a human oral cavity.,Actinobacteria,Actinobacteria,Propionibacteriales,Propionibacteriaceae,Propionibacterium propionicum,F0230,2,0.5X Modified Reinforced Clostridial Broth,10% glycerol,
HM-228 ,,no growth,,,-,Lactobacillus sp. 7_1_47FAA,,,665945,ACWR00000000,1181,gastrointestinal_tract,"isolated in 2007 from inflamed biopsy tissue taken from the sigmoid colon of a 25-year-old female patient with Crohn's disease in Calgary, Alberta, Canada.",Firmicutes,Bacilli,Lactobacillales,Lactobacillaceae,Lactobacillus sp., 7_1_47FAA,2,0.5X Lactobacillus sake medium,5% DMSO,
HM-235 ,,,,,,Achromobacter xylosoxidans C54,,,562971,ACRC00000000,6010,airways,isolated from a non-cystic fibrosis bronchiectasis sputum sample from a 65-year-old male patient in February 2006.,Proteobacteria,Betaproteobacteria,Burkholderiales,Alcaligenaceae,Achromobacter xylosoxidans,C54,2,0.5X Nutrient Broth,10% glycerol,
HM-236 ,,,,,,Actinomyces graevenitzii C83,,,435830,ACRN00000000,1853,airways,isolated from expectorated sputum from a 31-year-old male patient with cystic fibrosis in February 2006.,Actinobacteria,Actinobacteria,Actinomycetales,Actinomycetaceae,Actinomyces graevenitzii,C83,2,0.5X Actinomyces Broth,10% glycerol,
HM-238 ,,,,,,Actinomyces viscosus C505,,,562973,ACRE00000000,2587,airways,isolated from expectorated sputum from a 33-year-old female patient with cystic fibrosis in October 2007.,Actinobacteria,Actinobacteria,Actinomycetales,Actinomycetaceae,Actinomyces viscosus,C505,2,0.5X Actinomyces Broth,10% glycerol,
HM-239 ,,,,,,Gemella haemolysans M341,,,562981,ACRO00000000,1933,airways,isolated from expectorated sputum from a 19-year-old male patient with cystic fibrosis.,Firmicutes,Bacilli,Bacillales,,Gemella haemolysans,M341,1,0.5X Brain Heart Infusion Broth,10% glycerol,
HM-240 ,,,,,,Gemella moribillum M424,,,562982,ACRX00000000,1622,airways,isolated from expectorated sputum from a 27-year-old male patient with cystic fibrosis in January 2008.,Firmicutes,Bacilli,Bacillales,,Gemella morbillorum,M424,2,0.5X Brain Heart Infusion Broth,10% glycerol,
HM-241 ,,,,,,Gemella sanguinis M325,,,562983,ACRY00000000,1675,airways,isolated from expectorated sputum from a 26-year-old female patient with cystic fibrosis.,Firmicutes,Bacilli,Bacillales,,Gemella sanguinis,M325,2,0.5X Brain Heart Infusion Broth,10% glycerol,
HM-242 ,,,,,,Neisseria mucosa C102,,,435832,ACRG00000000,2026,airways,isolated from expectorated sputum from a 31-year-old male patient with cystic fibrosis.,Proteobacteria,Betaproteobacteria,Neisseriales,Neisseriaceae,Neisseria mucosa,C102,2,0.5X Haemophilus Test Medium,10% glycerol,
HM-245 ,,,,,,Rothia dentocariosa M567,,,563032,ADDW00000000,2185,airways,isolated from expectorated sputum from a 32-year-old male patient with cystic fibrosis in January 2008.,Actinobacteria,Actinobacteria,Micrococcales,Micrococcaceae,Rothia dentocariosa,M567,1,0.5X Brain Heart Infusion Broth,10% glycerol,
HM-247 ,,,,,,Staphylococcus hominis subsp. hominis C80,,,435837,ACRM00000000,2249,airways,isolated from expectorated sputum from a 31-year-old male patient with cystic fibrosis in 2006.,Firmicutes,Bacilli,Bacillales,Staphylococcaceae,Staphylococcus hominis,C80,2,0.5X Nutrient Broth,10% glycerol,
HM-259 ,,,,,,Treponema denticola F0402,,,699187,ADEC00000000,2601,oral,isolated from human subgingival dental plaque in the United States.,Spirochaetes,Spirochaetia,Spirochaetales,Spirochaetaceae,Treponema denticola,F0402,1,0.5X Modified New Oral Spirochete Broth,10% DMSO,
HM-260 ,,,,,,Fusobacterium nucleatum subsp. polymorphum F0401,,,693991,ADDB00000000,2428,oral,isolated from a transtracheal biofilm from a healthy patient.,Fusobacteria,Fusobacteriia,Fusobacteriales,Fusobacteriaceae,Fusobacterium nucleatum subsp. polymorphum,F0401,2,0.5X Modified Chopped Meat Medium,10% glycerol,
HM-263 ,,,,,,Peptoniphilus sp. oral taxon 836 str. F0141,,,768724,AEAA00000000,1649,oral,isolated in November 1980 from subgingival plaque of a 20-year-old black female patient with severe periodontitis in the United States.,Firmicutes,Tissierellia,Tissierellales,Peptoniphilaceae,Peptoniphilus sp.,F0141,2,Modified Reinforced Clostridial broth,10% glycerol,
HM-270 ,,,,,,Selenomonas noxia F0398,,,702437,ADGH00000000,1987,oral,"isolated in 2009 from subgingival dental plaque of a 48-month-old, black, caries-free female patient.",Firmicutes,Negativicutes,Selenomonadales,Selenomonadaceae,Selenomonas noxia,F0398,1,0.5X Modified Reinforced Clostridial Broth,5% DMSO,
HM-271 ,,,,,,Prevotella nigrescens F0103,,,702439,ADGJ00000000,2757,oral,isolated from a human oral cavity.,Bacteroidetes,Bacteroidia,Bacteroidales,Prevotellaceae,Prevotella nigrescens,F0103,2,0.5X Modified Chopped Meat Medium,10% glycerol,
HM-369 ,,,,,,Eubacterium infirmum F0142,,,883109,AGWI00000000,1765,oral,isolated in August 1982 from the subgingival dental plaque of a 23-year-old black female patient with periodontitis.,Firmicutes,Clostridia,Clostridiales,Clostridiales Family XIII. Incertae Sedis,Eubacterium infirmum,F0142,1,0.5X Modified Reinforced Clostridial Broth,10% glycerol,
HM-370 ,,,,,,Lactobacillus crispatus EX849587VC01,,,858649,,0,urogenital_tract,"isolated from a human mid-vaginal wall in March 2010 in Richmond, Virginia.",Firmicutes,Bacilli,Lactobacillales,Lactobacillaceae,Lactobacillus crispatus,EX849587VC01,1,0.5X Lactobacilli MRS Broth,10% glycerol,
HM-4 ,,,,,,Bacteroidetes oral taxon 274 str. F0058,,,575590,ADCM00000000,1905,oral,isolated in November 1984 from the subgingival plaque of 39-year-old American male patient with moderate periodontitis.,Bacteroidetes,,,,Bacteroidetes,F0058,2,Brain Heart Infusion broth,5% DMSO,
HM-402 ,,,,,,Lactobacillus vaginalis EX336960VC05,,,858674,,0,urogenital_tract,"isolated from a human mid-vaginal wall in March 2010, in Richmond, Virginia.",Firmicutes,Bacilli,Lactobacillales,Lactobacillaceae,Lactobacillus vaginalis,EX336960VC05,1,0.5X Lactobacilli MRS Broth,10% glycerol,
HM-405 ,,,,,,Lactobacillus vaginalis EX336960VC11,,,858675,,0,urogenital_tract,"isolated from a human mid-vaginal wall in March 2010, in Richmond, Virginia.",Firmicutes,Bacilli,Lactobacillales,Lactobacillaceae,Lactobacillus vaginalis,EX336960VC11,1,0.5X Lactobacilli MRS Broth,10% glycerol,
HM-406 ,,,,,,Lactobacillus vaginalis EX336960VC12,,,858676,,0,urogenital_tract,"isolated from a human mid-vaginal wall in March 2010 in Richmond, Virginia.",Firmicutes,Bacilli,Lactobacillales,Lactobacillaceae,Lactobacillus vaginalis,EX336960VC12,1,,,
HM-41 ,,,,,,Fusobacterium periodonticum D10,,,620833,ACIF00000000,2624,oral,"isolated in 2007 from a 74-year-old male patient with active Crohn's disease in Calgary, Alberta, Canada.",Fusobacteria,Fusobacteriia,Fusobacteriales,Fusobacteriaceae,Fusobacterium periodonticum,1_A_54/D10,1,0.5X Modified Chopped Meat Medium,10% glycerol,
HM-45 ,,,,,,Prevotella buccae D17,,,575611,ACRB00000000,2667,oral,"isolated in 2007 from an oral swab taken from a healthy 56-year-old male patient in Calgary, Alberta, Canada.",Bacteroidetes,Bacteroidia,Bacteroidales,Prevotellaceae,Prevotella buccae,D17,2,0.5X Modified Reinforced Clostridial Broth,5% DMSO,
HM-468 ,,,,,,Actinomyces sp. oral taxon 170 str. F0386,,,762963,AFBL00000000,3042,oral,isolated from a human oral cavity.,Actinobacteria,Actinobacteria,Actinomycetales,Actinomycetaceae,Actinomyces sp.,F0386,2,0.5X Actinomyces Broth,10% glycerol,
HM-469 ,,,,,,Haemophilus sp. oral taxon 851 str. F0397,,,762965,AGRK00000000,1809,oral,isolated from a human oral cavity.,Proteobacteria,Gammaproteobacteria,Pasteurellales,Pasteurellaceae,Haemophilus sp.,F0397,2,0.5X Haemophilus Test Medium,10% glycerol,
HM-471 ,,,,,,Prevotella histicola F0411,,,857291,AFXP00000000,2479,oral,isolated in 2007 from molar tooth dental plaque of a 3-year-old female patient with caries in the United States.,Bacteroidetes,Bacteroidia,Bacteroidales,Prevotellaceae,Prevotella histicola,F0411,2,0.5X Modified Chopped Meat Medium,10% glycerol,
HM-475 ,,,,,,Streptococcus downei F0415,,,904293,AEKN00000000,2204,oral,isolated from a human oral cavity.,Firmicutes,Bacilli,Lactobacillales,Streptococcaceae,Streptococcus downei,F0415,1,0.5X Brain Heart Infusion Broth,10% glycerol,
HM-477 ,,,,,,Cardiobacterium valvarum F0432,,,797473,AGCM00000000,3026,oral,"isolated in 2008 from molar tooth dental plaque of a caries-free, 3-year-old male patient in the United States.",Proteobacteria,Gammaproteobacteria,Cardiobacteriales,Cardiobacteriaceae,Cardiobacterium valvarum,F0432,2,0.5X Brain Heart Infusion broth,5% dimetylsulfoxide,
HM-478 ,,,,,,Lactobacillus sp. oral taxon 418 str. F0439,,,797515,AGEY00000000,3183,oral,isolated from a human oral cavity.,Firmicutes,Bacilli,Lactobacillales,Lactobacillaceae,Lactobacillus parafarraginis,F0439,2,0.5X Lactobacilli MRS Broth,10% glycerol,
HM-479 ,,,,,,Lactobacillus sp. oral taxon 424 str. F0435,,,797516,AGRJ00000000,3325,oral,isolated from a human oral cavity.,Firmicutes,Bacilli,Lactobacillales,Lactobacillaceae,Lactobacillus sp.,F0435,2,0.5X Lactobacilli MRS Broth,10% glycerol,
HM-480 ,,,,,,Lachnospiraceae bacterium ACC2,,,796942,AGEL00000000,2071,oral,isolated in March 2010 from the subgingival plaque of a 25-year-old black female.,Firmicutes,Clostridia,Clostridiales,Lachnospiraceae,Lachnospiraceae sp.,ACC2,2,0.5X Trypticase-Yeast Extract (TY) medium,10% glycerol,
HM-483 ,,,,,,Peptostreptococcaceae bacterium ACC19a,,,796937,AFZE00000000,2277,oral,isolated from human subgingival plaque.,Firmicutes,Clostridia,Clostridiales,Peptostreptococcaceae,Peptostreptococcaceae sp.,ACC19a ,2,Trypticase-Yeast Extract (TY) medium,10% glycerol,
HM-5 ,,,,,,Prevotella sp. oral taxon 317 str. F0108,,,575615,ACQH00000000,2975,oral,isolated from a healthy site of a subgingival oral biofilm of a 38-year-old American female in 1992.,Bacteroidetes,Bacteroidia,Bacteroidales,Prevotellaceae,Prevotella sp.,F0108,2,0.5X Modified Chopped Meat Medium,10% glycerol,
HM-51 ,,,,,,Enterococcus faecalis TUSoD Ef11,,,553209,ACOX00000000,2705,oral,"isolated on January 19, 2005, from an infected dental root canal of a patient with periapical periodontitis in Philadelphia, Pennsylvania, USA.",Firmicutes,Bacilli,Lactobacillales,Enterococcaceae,Enterococcus faecalis,TUSoD Ef11,2,0.5X Tryptic Soy broth,10% glycerol,
HM-556 ,,,,,,Fusobacterium sp. oral taxon 370 str. F0437,,,861452,AGAD00000000,2274,oral,isolated from a human oral cavity.,Fusobacteria,Fusobacteriia,Fusobacteriales,Fusobacteriaceae,Fusobacterium sp.,F0437,2,0.5X Modified Chopped Meat Medium,10% glycerol,
HM-558 ,,,,,,Lachnospiraceae bacterium oral taxon 082 str. F0431,,,861454,AGRL00000000,3119,oral,isolated in 2009 from molar tooth dental plaque of a caries-free 4-year-old female patient in the United States.,Firmicutes,Clostridia,Clostridiales,Lachnospiraceae,Lachnospiraceae sp.,F0431,2,0.5X Modified Reinforced Clostridial broth,10% glycerol,
HM-560 ,,,,,,Lactobacillus oris F0423,,,944562,AFTL00000000,2050,oral,isolated from a human oral cavity.,Firmicutes,Bacilli,Lactobacillales,Lactobacillaceae,Lactobacillus oris,F0423,1,0.5X Lactobacilli MRS Broth,10% glycerol,
HM-561 ,,,,,,Streptococcus vestibularis F0396,,,904306,AEKO00000000,1979,oral,isolated from a human oral cavity.,Firmicutes,Bacilli,Lactobacillales,Streptococcaceae,Streptococcus vestibularis,F0396,1,0.5X Brain Heart Infusion Broth,10% glycerol,
HM-562 ,,,,,,Veillonella sp. oral taxon 158 str. F0412,,,879309,AENU00000000,2000,oral,isolated in 2007 from molar tooth dental plaque of a caries-free 5-year-old male patient in the United States.,Firmicutes,Negativicutes,Veillonellales,Veillonellaceae,Veillonella sp.,F0412,2,Reinforced Clostridial medium with sodium lactate,5% DMSO,
HM-565 ,,,,,,Veillonella sp. oral taxon 780 str. F0422,,,944564,AFUJ00000000,1588,oral,isolated from a human oral cavity.,Firmicutes,Negativicutes,Veillonellales,Veillonellaceae,Veillonella sp.,F0422,2,Modified Reinforced Clostridial broth,10% glycerol,
HM-568 ,,,,,,Treponema denticola OTK,,,999434,AGDY00000000,2641,oral,isolated from a deep periodontal pocket in an adult human mouth in the United States.,Spirochaetes,Spirochaetia,Spirochaetales,Spirochaetaceae,Treponema denticola,OTK,1,tryptone-yeast extract-gelatin-volatile fatty acids-serum (TYGVS) medium,80% glycerol,
HM-569 ,,,,,,Treponema denticola SP37,,,999438,AGEA00000000,2610,oral,isolated from a deep periodontal pocket in an adult human mouth in the United States.,Spirochaetes,Spirochaetia,Spirochaetales,Spirochaetaceae,Treponema denticola,SP37,1,tryptone-yeast extract-gelatin-volatile fatty acids-serum (TYGVS) medium,80% glycerol,
HM-570 ,,,,,,Treponema denticola H1-T,,,999431,AGDW00000000,2705,oral,isolated from a deep periodontal pocket in an adult human mouth in the United States.,Spirochaetes,Spirochaetia,Spirochaetales,Spirochaetaceae,Treponema denticola,H1-T,1,tryptone-yeast extract-gelatin-volatile fatty acids-serum (TYGVS) medium,80% glycerol,
HM-571 ,,,,,,Treponema denticola H-22,,,999432,AGDV00000000,2520,oral,isolated from a deep periodontal pocket in an adult human mouth in the United States.,Spirochaetes,Spirochaetia,Spirochaetales,Spirochaetaceae,Treponema denticola,H-22,1,tryptone-yeast extract-gelatin-volatile fatty acids-serum (TYGVS) medium,80% glycerol,
HM-573 ,,,,,,Treponema denticola US-Trep,,,999440,AGEB00000000,2551,oral,isolated from a deep periodontal pocket in an adult human mouth in the United States.,Spirochaetes,Spirochaetia,Spirochaetales,Spirochaetaceae,Treponema denticola,US-Trep,1,tryptone-yeast extract-gelatin-volatile fatty acids-serum (TYGVS) medium,80% glycerol,
HM-574 ,,,,,,Treponema denticola ASLM,,,999427,AGDR00000000,2569,oral,isolated from a deep periodontal pocket in an adult human mouth in the United States.,Spirochaetes,Spirochaetia,Spirochaetales,Spirochaetaceae,Treponema denticola,ASLM,1,tryptone-yeast extract-gelatin-volatile fatty acids-serum (TYGVS) medium,80% glycerol,
HM-575 ,,,,,,Treponema denticola AL-2,,,999426,AGDQ00000000,2632,oral,isolated from a deep periodontal pocket in an adult human mouth in the United States.,Spirochaetes,Spirochaetia,Spirochaetales,Spirochaetaceae,Treponema denticola,AL-2,1,tryptone-yeast extract-gelatin-volatile fatty acids-serum (TYGVS) medium,80% glycerol,
HM-6 ,,,,,,Peptoniphilus sp. oral taxon 386 str. F0131,,,575609,ADCS00000000,1463,oral,isolated in August 1978 from subgingival dental plaque of a 54-year-old black female patient with moderate periodontitis.,Firmicutes,Tissierellia,Tissierellales,Peptoniphilaceae,Peptoniphilus sp.,F0131,2,Modified Reinforced Clostridial broth,10% glycerol,
HM-643 ,,,,,,Lactobacillus johnsonii 135-1-CHN,,,572503,,0,urogenital_tract,isolated in 2007 from the vaginal mucosa of a Chinese woman.,Firmicutes,Bacilli,Lactobacillales,Lactobacillaceae,Lactobacillus johnsonii,135-1-CHN,1,0.5X Lactobacilli MRS Broth,10% glycerol,
HM-648 ,,,,,,Acetobacteraceae bacterium AT-5844,,,1054213,AGEZ00000000,5289,skin,isolated at the St.,Proteobacteria,Alphaproteobacteria,Rhodospirillales,Acetobacteraceae,Acetobacteraceae sp.,AT-5844,2,Tryptic Soy broth,15% glycerol,
HM-7 ,,,,,,Lachnospiraceae oral taxon 107 str. F0167,,,575593,ADDS00000000,3094,oral,isolated in March 1988 from the subgingival plaque of a 14-year-old human male.,Firmicutes,Clostridia,Clostridiales,Lachnospiraceae,Lachnospiraceae sp.,F0167,2,0.5X Modified Reinforced Clostridial Broth,10% glycerol,
HM-758 ,,,,,,Fusobacterium nucleatum subsp. animalis OT 420,,,999414,AGEH00000000,2307,oral,isolated in 2009 from the molar tooth surface of a 4-year-old female child lacking caries in the United States.,Fusobacteria,Fusobacteriia,Fusobacteriales,Fusobacteriaceae,Fusobacterium nucleatum subsp. animalis,F0419,1,0.5X Modified Chopped Meat medium,10% glycerol,
HM-764 ,,,,,,Clostridium sp. MSTE9,,,1105031,AKFU00000000,3491,oral,,Firmicutes,Clostridia,Clostridiales,Clostridiaceae,Clostridium sp.,MSTE9,2,0.5X Modified Reinforced Clostridial broth,10% glycerol,
HM-765 ,,,,,  ,Eubacteriaceae bacterium OBRC8,,,796937,ALNK00000000,2277,oral,isolated from human subgingival plaque.,Firmicutes,Clostridia,Clostridiales,Peptostreptococcaceae,Peptostreptococcaceae bacterium,"OBRC8 (Deposited as Eubacteriaceae bacterium, Strain OBRC8)",2,Modified Trypticase-Yeast Extract (TY) medium,10% glycerol,
HM-766 ,,,,,,Eubacterium sp. AS15,,,936556,ALJM00000000,2308,oral,isolated from a subgingival oral biofilm of a patient.,Firmicutes,Clostridia,Clostridiales,Peptostreptococcaceae,Peptostreptococcaceae sp.,AS15,2,0.5X Modified Reinforced Clostridial broth,5% dimethylsulfoxide,
HM-768 ,,,,,,Lachnoanaerobaculum sp. ICM7,,,936594,ALJL00000000,2589,oral,isolated from a subgingival oral biofilm of a patient.,Firmicutes,Clostridia,Clostridiales,Lachnospiraceae,Lachnospiraceae sp.,ICM7,2,0.5X Modified Reinforced Clostridial broth,10% glycerol,
HM-778 ,,,,,,Veillonella sp. ACP1,,,936588,ALKL00000000,1864,oral,,Firmicutes,Negativicutes,Veillonellales,Veillonellaceae,Veillonella sp.,ACP1,2,Reinforced Clostridial medium with sodium lactate,5% dimethylsulfoxide,
HM-780 ,,,,,,Clostridiales bacterium OBRC5-5,,,936595,ALOA00000000,2662,oral,isolated in April 2010 from subgingival dental plaque of a 21-year-old American female.,Firmicutes,Clostridia,Clostridiales,Lachnospiraceae,Clostridiales sp.,OBRC5-5,2,Modified Reinforced Clostridial broth,10% glycerol,
HM-781 ,,,,,,Porphyromonas sp. KLE 1280,,,997829,JNOS00000000,1763,oral,isolated in October 2010 from human dental plaque.,Bacteroidetes,Bacteroidia,Bacteroidales,Porphyromonadaceae,Porphyromonas sp.,KLE1280,2,Supplemented Tryptic Soy broth,10% glycerol,
HM-788 ,,no growth,,,-,Paenisporosarcina sp. HGH0030,,,1078085,AGEQ00000000,3449,gastrointestinal_tract,isolated from a biopsy of large intestine mucosa of a human subject.,Firmicutes,Bacilli,Bacillales,Planococcaceae,Paenisporosarcina sp.,HGH0030,2,0.5X Tryptic Soy broth,10% glycerol,
HM-799 ,,,,,,Staphylococcus epidermidis E13A,,,1115805,AURC00000000,2281,urogenital_tract,isolated from a human vaginal tract in the United States.,Firmicutes,Bacilli,Bacillales,Staphylococcaceae,Staphylococcus epidermidis,E13A,1,Tryptic Soy broth,10% glycerol,
HM-8 ,,,,,,Propionibacterium acidifaciens F0233,,,553198,ACVN00000000,2913,oral,isolated in March 1983 from the subgingival plaque of a 53-year-old black male patient with moderate periodontitis.,Actinobacteria,Actinobacteria,Propionibacteriales,Propionibacteriaceae,Propionibacterium acidifaciens,F0233,2,0.5X Modified Reinforced Clostridial Broth,10% glycerol,
HM-80 ,,,,,,Prevotella melaninogenica D18,,,575612,ACWY00000000,2511,oral,"isolated in 2007 from an oral swab taken from a 73-year-old, healthy male patient in Calgary, Alberta, Canada.",Bacteroidetes,Bacteroidia,Bacteroidales,Prevotellaceae,Prevotella melaninogenica,D18 ,2,0.5X Modified Chopped Meat Medium,10% glycerol,
HM-808 ,,,,,,Streptococcus parasanguinis F0449,,,1095733,AJMV00000000,1963,oral,"isolated in 2008 from dental plaque of a molar tooth from a healthy, caries-free 3-year-old male.",Firmicutes,Bacilli,Lactobacillales,Streptococcaceae,Streptococcus parasanguinis,F0449,2,Tryptic Soy broth,10% glycerol,
HM-811 ,,,,,,Selenomonas sp. F0473,,,999423,AGZT00000000,1886,oral,isolated in 2008 from molar tooth dental plaque of a 2-year-old male patient with caries in the United States.,Firmicutes,Negativicutes,Selenomonadales,Selenomonadaceae,Selenomonas sp.,F0473,2,0.5X Modified Chopped Meat medium,5% DMSO,
HM-814 ,,,,,,Actinomyces massiliensis F0489,,,1125718,AKFT00000000,3129,oral,isolated in June 2008 from dental plaque of a 5-year-old female patient with caries in the United States.,Actinobacteria,Actinobacteria,Actinomycetales,Actinomycetaceae,Actinomyces massiliensis,F0489,2,0.5X Actinomyces broth,10% glycerol,
HM-818 ,,,,,,Rothia aeria F0474,,,1125724,AJJQ00000000,2282,oral,"isolated in 2008 from saliva of a healthy, 41-year-old female patient in the United States.",Actinobacteria,Actinobacteria,Micrococcales,Micrococcaceae,Rothia aeria,F0474,1,0.5X Brain Heart Infusion broth,10% glycerol,
HM-823 ,,,,,,Megasphaera sp. BV3C16-1,,,1111454,,,urogenital_tract,isolated from a human vaginal swab.,Firmicutes,Negativicutes,Veillonellales,Veillonellaceae,Megasphaera sp.,BV3C16-1,2,Modified Chopped Meat medium,10% glycerol,
HM-825 ,,,,,,Peptoniphilus sp. BV3AC2,,,1111133,AWXD00000000,1785,urogenital_tract,isolated from a human vaginal swab.,Firmicutes,Tissierellia,Tissierellales,Peptoniphilaceae,Peptoniphilus sp.,BV3AC2,2,Modified Reinforced Clostridial broth,10% glycerol,
HM-826 ,,,,,,Peptoniphilus sp. BV3C26,,,1111134,AWXB00000000,1929,urogenital_tract,isolated from a human vaginal swab.,Firmicutes,Tissierellia,Tissierellales,Peptoniphilaceae,Peptoniphilus sp.,BV3C26,2,Modified Reinforced Clostridial broth,10% glycerol,
HM-841 ,,,,,,Microbacterium sp. oral taxon 186 str. F0373,,,1203549,ATCC00000000,3015,oral,,Actinobacteria,Actinobacteria,Micrococcales,Microbacteriaceae,Microbacterium sp.,F0373,2,0.5X Nutrient broth,10% glycerol,
HM-859 ,,,,,-,Streptomyces sp. HPH0547,,,1203592,ATCE00000000,6635,gastrointestinal_tract,isolated from a biopsy of ileo-anal pouch mucosa of a human subject in the United States.,Actinobacteria,Actinobacteria,Streptomycetales,Streptomycetaceae,Streptomyces sp.,HPH0547,2,ISP 1 media,10% glycerol,
HM-871 ,,,,,,Fusobacterium sp. CM21,,,936562,AZYU00000000,2409,oral,,Fusobacteria,Fusobacteriia,Fusobacteriales,Fusobacteriaceae,Fusobacterium sp.,CM21,2,Modified Chopped Meat medium,10% glycerol,
HM-874 ,,,,,,Fusobacterium sp. CM22,,,936563,JAQC00000000,2422,oral,,Fusobacteria,Fusobacteriia,Fusobacteriales,Fusobacteriaceae,Fusobacterium sp.,CM22,2,Modified Chopped Meat medium,10% glycerol,
HM-875 ,,,,,,Fusobacterium sp. OBRC1,,,1032505,JANA00000000,2479,oral,,Fusobacteria,Fusobacteriia,Fusobacteriales,Fusobacteriaceae,Fusobacterium sp.,OBRC1,2,Modified Chopped Meat medium,10% glycerol,
HM-877 ,,,,,,Olsenella uli strain MSTE5,,,1190621,JANC00000000,1963,oral,,Actinobacteria,Coriobacteriia,Coriobacteriales,Atopobiaceae,Olsenella uli,MSTE5,1,Peptone Yeast Extract Glucose broth with 0.1% Tween 80,10% glycerol,
HM-895 ,,,,,,Veillonella sp. AS16,,,936589,AZYX00000000,1737,oral,,Firmicutes,Negativicutes,Veillonellales,Veillonellaceae,Veillonella sp.,AS16,2,Reinforced Clostridial medium with sodium lactate,5% dimethylsulfoxide,
HM-90 ,,,,,,Actinomyces sp. oral taxon 848 str. F0332,,,649743,ACUY00000000,2592,oral,isolated in June 1983 from the subgingival plaque of a 51-year-old white male patient with moderate periodontitis in the United States.,Actinobacteria,Actinobacteria,Actinomycetales,Actinomycetaceae,Actinomyces sp.,F0332,2,0.5X Actinomyces Broth,10% glycerol,
HM-92 ,,,,,,Prevotella veroralis F0319,,,649761,ACVA00000000,3048,oral,isolated in September 1985 from the subgingival plaque of an 11-year-old male patient in the United States.,Bacteroidetes,Bacteroidia,Bacteroidales,Prevotellaceae,Prevotella veroralis,F0319,2,0.5X Modified Chopped Meat Medium,10% glycerol,
HM-93 ,,,,,,Prevotella oris F0302,,,649760,ACUZ00000000,3316,oral,"isolated in November 1978 from subgingival plaque of a healthy, 20-year-old white male patient with severe periodontitis in the United States.",Bacteroidetes,Bacteroidia,Bacteroidales,Prevotellaceae,Prevotella oris,F0302,2,0.5X Modified Chopped Meat Medium,5% DMSO,
HM-94 ,,,,,,Actinomyces odontolyticus F0309,,,649742,ACYT00000000,2372,oral,isolated from a human oral cavity.,Actinobacteria,Actinobacteria,Actinomycetales,Actinomycetaceae,Actinomyces odontolyticus,F0309,2,0.5X Actinomyces Broth,10% glycerol,
HM-968 ,,,,,,Enterococcus faecium ERV102,,,1134820,AMAX00000000,3095,oral,"isolated from human oral sputum collected in Colombia, 2006.",Firmicutes,Bacilli,Lactobacillales,Enterococcaceae,Enterococcus faecium,ERV102,2,0.5X Brain Heart Infusion broth,10% glycerol,
HM-97 ,,,,,,Actinomyces gerencseriae F0344,,,686662,,,oral,isolated from a human oral cavity.,Actinobacteria,Actinobacteria,Actinomycetales,Actinomycetaceae,Actinomyces gerencseriae,F0344,2,0.5X Actinomyces Broth,10% glycerol,
HM-98 ,,,,,,Actinomyces israelii F0345,,,686663,,,oral,isolated from a human oral cavity.,Actinobacteria,Actinobacteria,Actinomycetales,Actinomycetaceae,Actinomyces israelii,F0345 ,2,0.5X Actinomyces Broth,10% glycerol,